Day,T_ext,Solar_irrad,T_imp,BC1_power,BC2_power,Diff_temp,Hours_sin,Hours_cos,T_ret,T_ret_in_1h
0,17.584000015258788,28.0,9.084008789062501,5.3100000000000005,15.630000000000003,-0.8939941406249989,0.9659258262890683,0.25881904510252074,9.9780029296875,11.291006469726563
0,17.596000289916994,28.8,9.148010253906252,3.4000000000000004,15.62,-0.7879943847656232,0.9659258262890683,0.25881904510252074,9.936004638671875,11.303012084960939
0,17.608000564575196,30.0,9.154010009765626,3.1000000000000005,15.61,-0.7880004882812486,0.9659258262890683,0.25881904510252074,9.942010498046875,11.275009155273438
0,17.6200008392334,30.799999999999997,9.132006835937501,3.1000000000000005,15.58,-0.8320068359374986,0.9659258262890683,0.25881904510252074,9.964013671875,11.226007080078125
0,17.6200008392334,32.8,9.160009765625,3.1000000000000005,15.559999999999999,-0.7860046386718746,0.9659258262890683,0.25881904510252074,9.946014404296875,11.156005859375
0,17.6200008392334,35.2,9.150006103515626,3.1000000000000005,15.560000000000002,-0.8060058593749986,0.9659258262890683,0.25881904510252074,9.956011962890624,11.094006347656252
0,17.608000564575196,36.6,9.144006347656251,3.1000000000000005,15.580000000000002,-0.7780029296874975,0.9659258262890683,0.25881904510252074,9.922009277343749,11.014001464843751
0,17.596000289916994,38.2,9.132006835937501,3.1000000000000005,15.57,-0.7559997558593725,0.9659258262890683,0.25881904510252074,9.888006591796874,10.926000976562502
0,17.58400001525879,41.0,9.131008911132813,3.1000000000000005,15.59,-0.7169952392578107,0.9659258262890683,0.25881904510252074,9.848004150390624,10.833001708984376
0,17.57199974060059,42.4,9.085006713867188,3.1000000000000005,15.580000000000002,-0.7449981689453118,0.9659258262890683,0.25881904510252074,9.8300048828125,10.735003662109376
0,17.57199974060059,45.2,9.073007202148439,3.1100000000000003,15.580000000000002,-0.7350006103515607,0.9659258262890683,0.25881904510252074,9.8080078125,10.671008300781251
0,17.595999908447265,52.60000000000001,9.057003784179688,3.1100000000000003,15.57,-0.7330047607421868,0.9659258262890683,0.25881904510252074,9.790008544921875,10.595013427734376
0,17.62999992370606,59.400000000000006,9.105001831054688,3.1100000000000003,15.600000000000001,-0.6610076904296864,0.9659258262890683,0.25881904510252074,9.766009521484374,10.537011718750001
0,17.67600021362305,66.4,9.199002075195313,3.12,15.610000000000001,-0.5840087890624996,0.9659258262890683,0.25881904510252074,9.783010864257813,10.468011474609376
0,17.73200035095215,74.6,9.339004516601562,3.12,15.620000000000001,-0.5020080566406246,0.9659258262890683,0.25881904510252074,9.841012573242187,10.374011230468751
0,17.788000106811523,82.4,9.497006225585938,3.1100000000000003,15.620000000000001,-0.4080078124999993,0.9659258262890683,0.25881904510252074,9.905014038085938,10.292010498046876
0,17.842000198364257,88.0,9.655007934570312,3.1100000000000003,15.630000000000003,-0.3780029296875007,0.9659258262890683,0.25881904510252074,10.033010864257813,10.216009521484377
0,17.89800033569336,95.0,9.777011108398439,3.1100000000000003,15.610000000000003,-0.38999633789062393,0.9659258262890683,0.25881904510252074,10.167007446289062,10.106011962890626
0,17.96400032043457,101.6,9.90001220703125,3.0900000000000003,15.610000000000001,-0.3959960937500018,0.9659258262890683,0.25881904510252074,10.296008300781251,10.006011962890629
0,18.03200035095215,108.6,10.01201171875,3.08,15.620000000000001,-0.41199340820312536,0.9659258262890683,0.25881904510252074,10.424005126953125,9.972009277343751
0,18.09800033569336,116.0,10.10001220703125,3.07,15.630000000000003,-0.42199096679687464,0.9659258262890683,0.25881904510252074,10.522003173828125,9.878009033203126
0,18.166000366210938,123.80000000000001,10.194012451171876,3.0599999999999996,15.640000000000002,-0.4099914550781243,0.9659258262890683,0.25881904510252074,10.60400390625,9.778009033203126
0,18.244000244140626,133.0,10.300012207031251,3.06,15.64,-0.4139953613281264,0.9659258262890683,0.25881904510252074,10.714007568359378,9.74801025390625
0,18.31000022888184,142.8,10.393011474609375,3.06,15.640000000000002,-0.4219940185546882,0.9659258262890683,0.25881904510252074,10.815005493164064,9.748010253906251
0,18.388000106811525,152.60000000000002,10.485009765625001,3.0700000000000003,15.630000000000003,-0.4179962158203132,0.9659258262890683,0.25881904510252074,10.903005981445315,9.764013671875
0,18.478000259399415,163.20000000000002,10.601007080078126,3.08,15.620000000000001,-0.41199645996093714,0.9659258262890683,0.25881904510252074,11.013003540039064,9.81201171875
0,18.565999984741214,173.0,10.7050048828125,3.0900000000000003,15.640000000000002,-0.3939971923828143,0.9659258262890683,0.25881904510252074,11.099002075195314,9.918011474609376
0,18.654000091552735,180.4,10.797003173828124,3.0900000000000003,15.64,-0.3779998779296889,0.9659258262890683,0.25881904510252074,11.175003051757812,9.994012451171875
0,18.754000091552737,187.20000000000002,10.838003540039061,3.1000000000000005,15.640000000000002,-0.4010009765625018,0.9659258262890683,0.25881904510252074,11.239004516601563,10.079013061523437
0,18.842000198364257,192.8,10.828005981445312,3.0900000000000003,15.650000000000002,-0.4630004882812493,0.9659258262890683,0.25881904510252074,11.291006469726561,10.145010375976563
0,18.93000030517578,196.60000000000002,10.776010131835937,3.0900000000000003,15.680000000000001,-0.5149963378906257,1.0,6.123233995736766e-17,11.291006469726563,10.249008178710936
0,19.030000305175783,201.40000000000003,10.678012084960937,3.08,15.690000000000001,-0.6250000000000018,1.0,6.123233995736766e-17,11.303012084960939,10.343008422851561
0,19.120000457763673,204.80000000000004,10.540011596679689,3.08,15.71,-0.7349975585937489,1.0,6.123233995736766e-17,11.275009155273438,10.459005737304686
0,19.21000022888184,209.60000000000002,10.430010986328126,3.07,15.720000000000002,-0.7959960937499986,1.0,6.123233995736766e-17,11.226007080078125,10.572003173828124
0,19.310000228881837,210.00000000000003,10.34801025390625,3.08,15.740000000000002,-0.8079956054687507,1.0,6.123233995736766e-17,11.156005859375,10.682000732421873
0,19.400000000000006,214.60000000000002,10.242010498046877,3.08,15.730000000000002,-0.8519958496093754,1.0,6.123233995736766e-17,11.094006347656252,10.780004882812499
0,19.490000152587893,210.20000000000002,10.188012695312501,3.0900000000000003,15.700000000000001,-0.82598876953125,1.0,6.123233995736766e-17,11.014001464843751,10.936004638671875
0,19.590000152587894,188.0,10.1400146484375,3.0900000000000003,15.720000000000002,-0.7859863281250021,1.0,6.123233995736766e-17,10.926000976562502,11.07000732421875
0,19.67800025939942,163.4,10.087014770507812,3.1000000000000005,15.710000000000003,-0.7459869384765643,1.0,6.123233995736766e-17,10.833001708984376,11.22000732421875
0,19.756000137329103,150.8,10.029013061523438,3.1000000000000005,15.73,-0.7059906005859382,1.0,6.123233995736766e-17,10.735003662109376,11.340008544921874
0,19.822000122070314,157.4,9.965011596679688,3.1100000000000003,15.730000000000002,-0.7059967041015636,1.0,6.123233995736766e-17,10.671008300781251,11.444006347656249
0,19.86599998474121,170.0,9.883010864257814,3.1100000000000003,15.750000000000002,-0.7120025634765614,1.0,6.123233995736766e-17,10.595013427734376,11.450006103515625
0,19.899999618530277,201.4,9.807009887695314,3.1100000000000003,15.760000000000002,-0.7300018310546879,1.0,6.123233995736766e-17,10.537011718750001,11.484002685546875
0,19.923999404907228,230.4,9.708007812500002,3.1100000000000003,15.8,-0.7600036621093746,1.0,6.123233995736766e-17,10.468011474609376,11.450006103515625
0,19.935999298095705,253.2,9.608007812500002,3.1100000000000003,15.780000000000001,-0.7660034179687489,1.0,6.123233995736766e-17,10.374011230468751,11.462005615234375
0,19.95799942016602,253.2,9.538006591796876,3.1000000000000005,15.82,-0.7540039062500004,1.0,6.123233995736766e-17,10.292010498046876,11.446008300781251
0,19.97999954223633,256.0,9.486004638671877,3.1000000000000005,15.81,-0.7300048828124996,1.0,6.123233995736766e-17,10.216009521484377,11.46800537109375
0,19.989999771118168,247.2,9.386004638671878,3.1000000000000005,15.81,-0.7200073242187486,1.0,6.123233995736766e-17,10.106011962890626,11.462005615234377
0,20.000000000000004,258.40000000000003,9.332006835937502,3.1000000000000005,15.780000000000001,-0.6740051269531264,1.0,6.123233995736766e-17,10.006011962890629,11.480004882812501
0,20.010000228881843,269.0,9.262005615234376,3.1000000000000005,15.790000000000001,-0.7100036621093757,1.0,6.123233995736766e-17,9.972009277343751,11.486004638671876
0,20.010000228881843,270.4,9.186004638671875,3.1000000000000005,15.780000000000001,-0.6920043945312511,1.0,6.123233995736766e-17,9.878009033203126,11.508001708984377
0,20.010000228881843,280.2,9.162005615234374,3.1000000000000005,15.760000000000002,-0.6160034179687521,1.0,6.123233995736766e-17,9.778009033203126,11.532000732421876
0,20.022000122070317,301.0,9.198004150390625,3.0900000000000003,15.75,-0.5500061035156243,1.0,6.123233995736766e-17,9.74801025390625,11.584002685546878
0,20.03400001525879,307.6,9.21600341796875,3.0900000000000003,15.76,-0.5320068359375014,1.0,6.123233995736766e-17,9.748010253906251,11.670001220703126
0,20.056000137329104,311.8,9.29200439453125,3.0900000000000003,15.76,-0.47200927734374964,1.0,6.123233995736766e-17,9.764013671875,11.7
0,20.06800003051758,329.0,9.4320068359375,3.0900000000000003,15.76,-0.3800048828125,1.0,6.123233995736766e-17,9.81201171875,11.729998779296876
0,20.09000015258789,337.80000000000007,9.520007324218748,3.0900000000000003,15.8,-0.3980041503906282,1.0,6.123233995736766e-17,9.918011474609376,11.711999511718751
0,20.12200012207031,350.00000000000006,9.590008544921874,3.1000000000000005,15.81,-0.4040039062500007,1.0,6.123233995736766e-17,9.994012451171875,11.69599609375
0,20.176000213623045,360.20000000000005,9.69801025390625,3.1000000000000005,15.81,-0.3810028076171861,1.0,6.123233995736766e-17,10.079013061523437,11.625994873046874
0,20.254000091552737,373.20000000000005,9.808013916015625,3.1000000000000005,15.790000000000001,-0.33699645996093786,1.0,6.123233995736766e-17,10.145010375976563,11.58399658203125
0,20.354000091552738,381.40000000000003,9.854010009765625,3.0900000000000003,15.770000000000001,-0.39499816894531037,0.9659258262890683,-0.25881904510252063,10.249008178710936,11.547998046875001
0,20.45400009155274,382.4,9.936010742187499,3.08,15.8,-0.4069976806640625,0.9659258262890683,-0.25881904510252063,10.343008422851561,11.5260009765625
0,20.544000244140626,316.6,10.0360107421875,3.07,15.780000000000001,-0.4229949951171861,0.9659258262890683,-0.25881904510252063,10.459005737304686,11.44400634765625
0,20.622000122070318,312.8,10.116009521484374,3.07,15.790000000000001,-0.45599365234375,0.9659258262890683,-0.25881904510252063,10.572003173828124,11.3860107421875
0,20.688000106811526,312.40000000000003,10.176007080078126,3.06,15.83,-0.5059936523437472,0.9659258262890683,-0.25881904510252063,10.682000732421873,11.324011230468749
0,20.77600021362305,315.8,10.270007324218751,3.0700000000000003,15.87,-0.5099975585937475,0.9659258262890683,-0.25881904510252063,10.780004882812499,11.284014892578124
0,20.897999954223636,326.4,10.352008056640626,3.08,15.87,-0.5839965820312489,0.9659258262890683,-0.25881904510252063,10.936004638671875,11.248016357421875
0,21.04199981689454,401.8,10.462005615234377,3.08,15.899999999999999,-0.6080017089843732,0.9659258262890683,-0.25881904510252063,11.07000732421875,11.214013671875
0,21.20999984741211,413.4,10.578002929687502,3.08,15.940000000000001,-0.6420043945312486,0.9659258262890683,-0.25881904510252063,11.22000732421875,11.204010009765625
0,21.400000000000006,422.59999999999997,10.624005126953127,3.0900000000000003,15.940000000000001,-0.7160034179687464,0.9659258262890683,-0.25881904510252063,11.340008544921874,11.180010986328124
0,21.6,425.40000000000003,10.688006591796876,3.0900000000000003,15.94,-0.7559997558593725,0.9659258262890683,-0.25881904510252063,11.444006347656249,11.164007568359375
0,21.8,429.00000000000006,10.706005859375,3.0900000000000003,15.97,-0.7440002441406239,0.9659258262890683,-0.25881904510252063,11.450006103515625,11.1300048828125
0,21.990000152587893,435.00000000000006,10.688006591796876,3.1000000000000005,15.990000000000002,-0.7959960937499986,0.9659258262890683,-0.25881904510252063,11.484002685546875,11.124005126953126
0,22.146000289916994,442.40000000000003,10.624011230468751,3.1000000000000005,16.009999999999998,-0.8259948730468736,0.9659258262890683,-0.25881904510252063,11.450006103515625,11.100006103515627
0,22.25800018310547,449.00000000000006,10.64600830078125,3.1000000000000005,16.05,-0.8159973144531243,0.9659258262890683,-0.25881904510252063,11.462005615234375,11.112005615234377
0,22.326000213623047,453.00000000000006,10.6340087890625,3.0900000000000003,16.1,-0.8119995117187511,0.9659258262890683,-0.25881904510252063,11.446008300781251,11.106005859375001
0,22.37200012207031,451.20000000000005,10.628009033203126,3.0900000000000003,16.080000000000002,-0.8399963378906232,0.9659258262890683,-0.25881904510252063,11.46800537109375,11.09400634765625
0,22.426000213623045,439.20000000000005,10.628009033203126,3.1,16.060000000000002,-0.8339965820312507,0.9659258262890683,-0.25881904510252063,11.462005615234377,11.11800537109375
0,22.514000320434572,436.40000000000003,10.66800537109375,3.09,16.04,-0.8119995117187511,0.9659258262890683,-0.25881904510252063,11.480004882812501,11.14200439453125
0,22.62400016784668,427.0,10.680004882812499,3.09,16.0,-0.8059997558593768,0.9659258262890683,-0.25881904510252063,11.486004638671876,11.142004394531252
0,22.76800003051758,431.6,10.698004150390624,3.1,15.940000000000001,-0.8099975585937536,0.9659258262890683,-0.25881904510252063,11.508001708984377,11.152001953125
0,22.90000038146973,441.0,10.732000732421877,3.1000000000000005,15.93,-0.7999999999999989,0.9659258262890683,-0.25881904510252063,11.532000732421876,11.18599853515625
0,23.012000274658206,461.0,10.744000244140626,3.08,15.97,-0.8400024414062521,0.9659258262890683,-0.25881904510252063,11.584002685546878,11.167999267578125
0,23.112000274658204,476.8,10.738000488281251,4.79,15.980000000000002,-0.9320007324218746,0.9659258262890683,-0.25881904510252063,11.670001220703126,11.167999267578123
0,23.202000427246094,494.80000000000007,10.71600341796875,6.87,16.05,-0.9839965820312493,0.9659258262890683,-0.25881904510252063,11.7,11.1739990234375
0,23.258000564575195,506.40000000000003,10.646002197265625,8.870000000000001,16.11,-1.0839965820312507,0.9659258262890683,-0.25881904510252063,11.729998779296876,11.16400146484375
0,23.258000564575198,512.8,10.600006103515625,10.89,16.130000000000003,-1.1119934082031264,0.9659258262890683,-0.25881904510252063,11.711999511718751,11.16400146484375
0,23.224000549316408,517.8000000000001,10.548004150390625,12.94,16.160000000000004,-1.1479919433593757,0.9659258262890683,-0.25881904510252063,11.69599609375,11.19200439453125
0,23.168000411987308,515.4000000000001,10.496002197265625,13.270000000000001,16.17,-1.1299926757812493,0.9659258262890683,-0.25881904510252063,11.625994873046874,11.214007568359374
0,23.10000038146973,516.8,10.453997802734376,13.24,16.150000000000002,-1.1299987792968746,0.9659258262890683,-0.25881904510252063,11.58399658203125,11.236010742187501
0,23.022000122070317,517.8000000000001,10.447998046875002,13.250000000000002,16.12,-1.0999999999999996,0.8660254037844387,-0.4999999999999998,11.547998046875001,11.270013427734375
0,23.000000000000004,523.8,10.371997070312501,13.250000000000002,16.130000000000003,-1.154003906249999,0.8660254037844387,-0.4999999999999998,11.5260009765625,11.318017578125001
0,23.01199989318848,531.4000000000001,10.308001708984378,13.21,16.090000000000003,-1.1360046386718725,0.8660254037844387,-0.4999999999999998,11.44400634765625,11.3420166015625
0,23.034000015258794,541.2,10.262005615234376,13.230000000000002,16.090000000000003,-1.124005126953124,0.8660254037844387,-0.4999999999999998,11.3860107421875,11.382012939453126
0,23.090000152587894,550.0,10.210009765625003,13.200000000000001,16.110000000000003,-1.1140014648437457,0.8660254037844387,-0.4999999999999998,11.324011230468749,11.406011962890627
0,23.190000152587892,557.8,10.152014160156252,13.18,16.14,-1.1320007324218722,0.8660254037844387,-0.4999999999999998,11.284014892578124,11.446008300781251
0,23.290000152587897,565.2,10.1400146484375,13.209999999999999,16.150000000000002,-1.108001708984375,0.8660254037844387,-0.4999999999999998,11.248016357421875,11.474005126953125
0,23.400000381469727,569.8,10.10001220703125,13.26,16.17,-1.1140014648437493,0.8660254037844387,-0.4999999999999998,11.214013671875,11.502001953125001
0,23.50000038146973,575.4000000000001,10.048010253906249,13.25,16.17,-1.1559997558593764,0.8660254037844387,-0.4999999999999998,11.204010009765625,11.508001708984377
0,23.578000259399413,581.0,10.030010986328126,13.28,16.19,-1.1499999999999986,0.8660254037844387,-0.4999999999999998,11.180010986328124,11.559997558593752
0,23.65600051879883,585.8,10.012011718750001,13.35,16.2,-1.1519958496093743,0.8660254037844387,-0.4999999999999998,11.164007568359375,11.565997314453128
0,23.756000518798828,590.0,9.994012451171876,13.35,16.17,-1.1359924316406236,0.8660254037844387,-0.4999999999999998,11.1300048828125,11.600000000000001
0,23.880000305175784,595.2,9.97601318359375,13.39,16.19,-1.1479919433593757,0.8660254037844387,-0.4999999999999998,11.124005126953126,11.652001953125001
0,24.026000213623046,599.0,9.986016845703125,13.440000000000001,16.21,-1.1139892578125021,0.8660254037844387,-0.4999999999999998,11.100006103515627,11.704003906250001
0,24.181999969482426,603.8,9.95201416015625,13.440000000000001,16.189999999999998,-1.1599914550781278,0.8660254037844387,-0.4999999999999998,11.112005615234377,11.750006103515625
0,24.3379997253418,609.4,9.9360107421875,13.490000000000002,16.18,-1.1699951171875007,0.8660254037844387,-0.4999999999999998,11.106005859375001,11.796008300781251
0,24.471999740600587,615.0,9.92000732421875,13.52,16.26,-1.173999023437501,0.8660254037844387,-0.4999999999999998,11.09400634765625,11.826007080078126
0,24.5379997253418,619.0,9.9320068359375,13.530000000000003,16.3,-1.1859985351562496,0.8660254037844387,-0.4999999999999998,11.11800537109375,11.850006103515627
0,24.581999588012692,624.4000000000001,9.922003173828125,13.550000000000002,16.32,-1.220001220703125,0.8660254037844387,-0.4999999999999998,11.14200439453125,11.862005615234375
0,24.615999603271487,629.8000000000001,9.94400634765625,13.580000000000002,16.34,-1.1979980468750018,0.8660254037844387,-0.4999999999999998,11.142004394531252,11.902008056640625
0,24.625999832153322,635.2,9.938006591796876,13.570000000000002,16.35,-1.2139953613281236,0.8660254037844387,-0.4999999999999998,11.152001953125,11.94400634765625
0,24.647999954223632,641.6,9.94801025390625,13.580000000000004,16.3,-1.237988281249999,0.8660254037844387,-0.4999999999999998,11.18599853515625,11.990008544921876
0,24.72599983215332,648.6000000000001,9.970013427734376,13.590000000000002,16.26,-1.1979858398437493,0.8660254037844387,-0.4999999999999998,11.167999267578125,12.042010498046874
0,24.80399971008301,654.2000000000002,9.970013427734374,13.600000000000001,16.27,-1.1979858398437493,0.8660254037844387,-0.4999999999999998,11.167999267578123,12.04801025390625
0,24.857999801635742,659.0000000000001,9.964007568359374,13.620000000000001,16.28,-1.209991455078125,0.8660254037844387,-0.4999999999999998,11.1739990234375,12.002008056640625
0,24.913999557495117,663.2,9.980010986328123,13.660000000000002,16.27,-1.1839904785156268,0.8660254037844387,-0.4999999999999998,11.16400146484375,11.984008789062502
0,24.98199920654297,666.6,10.016009521484374,13.690000000000001,16.32,-1.1479919433593757,0.8660254037844387,-0.4999999999999998,11.16400146484375,11.920007324218751
0,25.037999343872073,669.8,10.046008300781251,13.690000000000001,16.29,-1.1459960937499982,0.8660254037844387,-0.4999999999999998,11.19200439453125,11.8280029296875
0,25.125999450683597,674.0,10.092010498046875,13.72,16.28,-1.1219970703124993,0.8660254037844387,-0.4999999999999998,11.214007568359374,11.822003173828126
0,25.27199935913086,678.1999999999999,10.146014404296874,13.780000000000001,16.26,-1.0899963378906268,0.8660254037844387,-0.4999999999999998,11.236010742187501,11.794000244140625
0,25.4379997253418,682.4000000000001,10.1880126953125,13.78,16.29,-1.082000732421875,0.7071067811865476,-0.7071067811865475,11.270013427734375,11.747998046874999
0,25.615999984741215,688.4000000000001,10.194012451171876,13.8,16.290000000000003,-1.1240051269531257,0.7071067811865476,-0.7071067811865475,11.318017578125001,11.701995849609375
0,25.804000091552737,695.0000000000001,10.218011474609376,13.850000000000001,16.35,-1.124005126953124,0.7071067811865476,-0.7071067811865475,11.3420166015625,11.65999755859375
0,25.96000022888184,701.6,10.22401123046875,13.810000000000002,16.36,-1.1580017089843757,0.7071067811865476,-0.7071067811865475,11.382012939453126,11.601995849609374
0,26.104000473022463,708.0,10.242010498046875,13.780000000000001,16.380000000000003,-1.1640014648437518,0.7071067811865476,-0.7071067811865475,11.406011962890627,11.577996826171875
0,26.21600036621094,714.1999999999999,10.282006835937501,13.810000000000002,16.37,-1.16400146484375,0.7071067811865476,-0.7071067811865475,11.446008300781251,11.547998046875
0,26.270000457763675,719.4000000000001,10.316003417968751,13.82,16.36,-1.158001708984374,0.7071067811865476,-0.7071067811865475,11.474005126953125,11.508001708984374
0,26.29200057983399,725.4000000000001,10.344000244140625,13.809999999999999,16.39,-1.1580017089843757,0.7071067811865476,-0.7071067811865475,11.502001953125001,11.514001464843751
0,26.314000701904302,732.8,10.389996337890626,13.780000000000001,16.380000000000003,-1.1180053710937514,0.7071067811865476,-0.7071067811865475,11.508001708984377,11.49200439453125
0,26.314000701904302,716.2,10.429998779296875,13.790000000000001,16.39,-1.1299987792968764,0.7071067811865476,-0.7071067811865475,11.559997558593752,11.458007812500002
0,26.32400054931641,699.0000000000001,10.448004150390624,13.79,16.410000000000004,-1.1179931640625043,0.7071067811865476,-0.7071067811865475,11.565997314453128,11.430010986328124
0,26.370000457763677,719.4000000000001,10.478009033203126,13.85,16.4,-1.1219909667968757,0.7071067811865476,-0.7071067811865475,11.600000000000001,11.412011718750001
0,26.41600036621094,700.8,10.508013916015626,13.9,16.38,-1.1439880371093754,0.7071067811865476,-0.7071067811865475,11.652001953125001,11.418011474609376
0,26.45,717.4,10.526019287109374,13.950000000000001,16.39,-1.1779846191406271,0.7071067811865476,-0.7071067811865475,11.704003906250001,11.406011962890627
0,26.471999740600587,736.4000000000001,10.538018798828125,14.010000000000002,16.380000000000003,-1.2119873046875007,0.7071067811865476,-0.7071067811865475,11.750006103515625,11.416009521484375
0,26.461999893188477,739.2,10.584014892578125,14.020000000000001,16.42,-1.211993408203126,0.7071067811865476,-0.7071067811865475,11.796008300781251,11.432006835937502
0,26.42799987792969,680.6,10.608013916015626,13.990000000000002,16.47,-1.2179931640625004,0.7071067811865476,-0.7071067811865475,11.826007080078126,11.472003173828126
0,26.393999862670903,692.6,10.64801025390625,13.950000000000003,16.48,-1.2019958496093768,0.7071067811865476,-0.7071067811865475,11.850006103515627,11.444006347656249
0,26.38199996948243,681.0,10.6820068359375,14.020000000000003,16.51,-1.1799987792968754,0.7071067811865476,-0.7071067811865475,11.862005615234375,11.438006591796874
0,26.404000091552735,689.1999999999999,10.722003173828128,14.010000000000002,16.540000000000003,-1.1800048828124972,0.7071067811865476,-0.7071067811865475,11.902008056640625,11.428009033203125
0,26.49200019836426,713.8000000000001,10.758001708984375,14.05,16.53,-1.186004638671875,0.7071067811865476,-0.7071067811865475,11.94400634765625,11.434008789062501
0,26.604000091552734,761.6,10.785998535156253,14.06,16.53,-1.2040100097656232,0.7071067811865476,-0.7071067811865475,11.990008544921876,11.440008544921875
0,26.747999954223637,776.0,10.752001953125001,14.030000000000001,18.900000000000002,-1.2900085449218732,0.7071067811865476,-0.7071067811865475,12.042010498046874,11.428009033203127
0,26.881999969482422,777.0,10.712005615234375,14.080000000000002,21.290000000000003,-1.3360046386718754,0.7071067811865476,-0.7071067811865475,12.04801025390625,11.440008544921877
0,26.950000000000003,779.8000000000001,10.648004150390625,14.09,23.690000000000005,-1.35400390625,0.7071067811865476,-0.7071067811865475,12.002008056640625,11.428009033203127
0,26.961999893188477,783.0,10.538006591796874,14.13,26.090000000000003,-1.4460021972656278,0.7071067811865476,-0.7071067811865475,11.984008789062502,11.406011962890627
0,26.938000106811522,786.6000000000001,10.452008056640624,14.160000000000002,28.520000000000003,-1.4679992675781275,0.7071067811865476,-0.7071067811865475,11.920007324218751,11.378015136718751
0,26.894000244140624,789.0,10.3820068359375,14.23,28.5,-1.4459960937500007,0.7071067811865476,-0.7071067811865475,11.8280029296875,11.396014404296876
0,26.884000396728517,791.8000000000001,10.300006103515624,14.220000000000002,28.500000000000004,-1.5219970703125014,0.7071067811865476,-0.7071067811865475,11.822003173828126,11.387014770507813
0,26.950000381469728,795.0,10.22401123046875,14.300000000000002,28.540000000000003,-1.569989013671874,0.7071067811865476,-0.7071067811865475,11.794000244140625,11.381015014648439
0,27.072000122070314,798.2,10.182012939453127,14.3,28.550000000000004,-1.5659851074218718,0.49999999999999994,-0.8660254037844387,11.747998046874999,11.36901550292969
0,27.261999893188477,801.2,10.146014404296876,14.310000000000002,28.64,-1.555981445312499,0.49999999999999994,-0.8660254037844387,11.701995849609375,11.35701599121094
0,27.439999771118167,805.8,10.122015380859377,14.34,28.680000000000003,-1.5379821777343725,0.49999999999999994,-0.8660254037844387,11.65999755859375,11.363015747070314
0,27.593999862670902,809.4000000000001,10.098010253906251,14.38,28.750000000000004,-1.5039855957031225,0.49999999999999994,-0.8660254037844387,11.601995849609374,11.372015380859375
0,27.72799987792969,813.6,10.080010986328125,14.38,28.730000000000004,-1.49798583984375,0.49999999999999994,-0.8660254037844387,11.577996826171875,11.366015625000003
0,27.84000015258789,817.2,10.040008544921875,14.420000000000002,28.860000000000003,-1.5079895019531246,0.49999999999999994,-0.8660254037844387,11.547998046875,11.354016113281252
0,27.85000038146973,820.4000000000001,10.004010009765624,14.46,28.85,-1.5039916992187496,0.49999999999999994,-0.8660254037844387,11.508001708984374,11.3420166015625
0,27.806000518798832,823.2000000000002,9.96800537109375,14.510000000000002,28.970000000000006,-1.5459960937500021,0.49999999999999994,-0.8660254037844387,11.514001464843751,11.324017333984376
0,27.762000274658206,826.6000000000001,9.952008056640626,14.470000000000002,28.96,-1.5399963378906243,0.49999999999999994,-0.8660254037844387,11.49200439453125,11.306018066406251
0,27.728000259399415,824.0000000000001,9.946002197265624,14.41,29.000000000000004,-1.5120056152343775,0.49999999999999994,-0.8660254037844387,11.458007812500002,11.30601806640625
0,27.694000244140625,821.8000000000001,9.95,14.420000000000002,28.900000000000002,-1.480010986328125,0.49999999999999994,-0.8660254037844387,11.430010986328124,11.27801513671875
0,27.7060001373291,819.8000000000001,9.939996337890625,14.450000000000001,28.840000000000003,-1.4720153808593768,0.49999999999999994,-0.8660254037844387,11.412011718750001,11.272015380859376
0,27.760000228881836,821.6,9.905999755859376,14.46,28.76,-1.5120117187499993,0.49999999999999994,-0.8660254037844387,11.418011474609376,11.242010498046875
0,27.804000473022462,820.6,9.9219970703125,14.53,28.78,-1.4840148925781271,0.49999999999999994,-0.8660254037844387,11.406011962890627,11.22100830078125
0,27.82600059509278,826.0,9.894000244140626,14.59,28.720000000000002,-1.5220092773437486,0.49999999999999994,-0.8660254037844387,11.416009521484375,11.2090087890625
0,27.8140007019043,833.4000000000001,9.894000244140624,14.58,28.740000000000002,-1.5380065917968775,0.49999999999999994,-0.8660254037844387,11.432006835937502,11.237011718749999
0,27.78000068664551,840.8000000000001,9.88800048828125,14.57,28.73,-1.584002685546876,0.49999999999999994,-0.8660254037844387,11.472003173828126,11.22100830078125
0,27.71400032043457,841.4000000000001,9.917999267578125,14.6,28.810000000000002,-1.5260070800781236,0.49999999999999994,-0.8660254037844387,11.444006347656249,11.181011962890626
0,27.670000076293945,846.0000000000001,9.917999267578125,14.59,28.97,-1.5200073242187493,0.49999999999999994,-0.8660254037844387,11.438006591796874,11.1380126953125
0,27.604000091552734,845.2,9.945996093749999,14.6,29.099999999999998,-1.482012939453126,0.49999999999999994,-0.8660254037844387,11.428009033203125,11.080010986328126
0,27.51599998474121,845.6000000000001,9.945996093749999,14.53,29.1,-1.4880126953125021,0.49999999999999994,-0.8660254037844387,11.434008789062501,11.040008544921877
0,27.46199989318848,847.2000000000002,9.955993652343748,14.48,29.13,-1.4840148925781271,0.49999999999999994,-0.8660254037844387,11.440008544921875,11.010009765625
0,27.418000030517582,837.0000000000002,9.949993896484374,14.44,29.080000000000002,-1.4780151367187528,0.49999999999999994,-0.8660254037844387,11.428009033203127,10.988006591796877
0,27.352000045776368,836.6000000000001,9.927996826171874,14.420000000000002,28.910000000000004,-1.5120117187500028,0.49999999999999994,-0.8660254037844387,11.440008544921877,10.963003540039065
0,27.28400001525879,827.2,9.905999755859375,14.360000000000001,28.820000000000004,-1.5220092773437521,0.49999999999999994,-0.8660254037844387,11.428009033203127,10.947000122070314
0,27.261999893188477,809.2,9.912005615234374,14.33,28.880000000000003,-1.4940063476562528,0.49999999999999994,-0.8660254037844387,11.406011962890627,10.900997924804688
0,27.18400001525879,792.8000000000002,9.912005615234374,14.370000000000001,28.87,-1.4660095214843771,0.49999999999999994,-0.8660254037844387,11.378015136718751,10.888998413085938
0,27.12799987792969,790.8,9.900006103515624,14.32,28.890000000000004,-1.4960083007812521,0.49999999999999994,-0.8660254037844387,11.396014404296876,10.858999633789063
0,27.07199974060059,786.2,9.911004638671873,14.24,28.860000000000003,-1.47601013183594,0.49999999999999994,-0.8660254037844387,11.387014770507813,10.83800048828125
0,26.993999862670904,786.2,9.933001708984374,14.260000000000002,28.860000000000003,-1.4480133056640643,0.49999999999999994,-0.8660254037844387,11.381015014648439,10.83800048828125
0,26.871999740600593,788.4000000000001,9.922998046875,14.280000000000001,28.740000000000002,-1.4460174560546903,0.258819045102521,-0.9659258262890682,11.36901550292969,10.820001220703126
0,26.747999572753912,790.2,9.919000244140625,14.209999999999999,28.640000000000004,-1.438015747070315,0.258819045102521,-0.9659258262890682,11.35701599121094,10.767999267578125
0,26.603999710083013,794.0000000000001,9.93699951171875,14.170000000000002,28.500000000000004,-1.4260162353515646,0.258819045102521,-0.9659258262890682,11.363015747070314,10.785998535156251
0,26.403999710083006,783.8000000000001,9.9260009765625,14.129999999999999,28.490000000000002,-1.446014404296875,0.258819045102521,-0.9659258262890682,11.372015380859375,10.794998168945312
0,26.203999710083007,789.8000000000001,9.8800048828125,14.05,28.51,-1.4860107421875028,0.258819045102521,-0.9659258262890682,11.366015625000003,10.782998657226564
0,26.003999710083008,800.0000000000001,9.838006591796875,14.010000000000002,28.64,-1.5160095214843778,0.258819045102521,-0.9659258262890682,11.354016113281252,10.770999145507814
0,25.82799987792969,808.6000000000001,9.814007568359374,13.980000000000002,28.740000000000002,-1.5280090332031264,0.258819045102521,-0.9659258262890682,11.3420166015625,10.782998657226562
0,25.6939998626709,812.4000000000001,9.754010009765624,13.980000000000002,28.67,-1.5700073242187518,0.258819045102521,-0.9659258262890682,11.324017333984376,10.758999633789061
0,25.638000106811525,820.2,9.721011352539062,14.030000000000001,28.689999999999998,-1.5850067138671893,0.258819045102521,-0.9659258262890682,11.306018066406251,10.726000976562501
0,25.605999755859372,814.8,9.721011352539062,14.05,28.650000000000002,-1.5850067138671875,0.258819045102521,-0.9659258262890682,11.30601806640625,10.696002197265626
0,25.593999862670902,804.2,9.697012329101563,14.020000000000001,28.53,-1.5810028076171871,0.258819045102521,-0.9659258262890682,11.27801513671875,10.686004638671877
0,25.60399971008301,803.2,9.649014282226561,14.05,28.45,-1.6230010986328143,0.258819045102521,-0.9659258262890682,11.272015380859376,10.658007812500001
0,25.5819995880127,803.0000000000001,9.667013549804686,14.09,28.520000000000003,-1.5749969482421893,0.258819045102521,-0.9659258262890682,11.242010498046875,10.676007080078126
0,25.525999450683596,800.8000000000001,9.673013305664062,14.09,28.53,-1.5479949951171879,0.258819045102521,-0.9659258262890682,11.22100830078125,10.686007690429687
0,25.50399971008301,803.4000000000001,9.667013549804686,14.11,28.560000000000002,-1.5419952392578136,0.258819045102521,-0.9659258262890682,11.2090087890625,10.67601013183594
0,25.525999832153325,808.0000000000001,9.679013061523438,14.15,28.590000000000003,-1.5579986572265607,0.258819045102521,-0.9659258262890682,11.237011718749999,10.716006469726562
0,25.55999984741211,805.6000000000001,9.709011840820313,14.13,28.570000000000004,-1.5119964599609368,0.258819045102521,-0.9659258262890682,11.22100830078125,10.716006469726562
0,25.604000091552734,809.4000000000001,9.685012817382812,14.07,28.610000000000003,-1.4959991455078132,0.258819045102521,-0.9659258262890682,11.181011962890626,10.704006958007811
0,25.660000228881835,816.4,9.670013427734375,14.050000000000002,28.570000000000004,-1.4679992675781257,0.258819045102521,-0.9659258262890682,11.1380126953125,10.7320068359375
0,25.692000198364262,821.2,9.65201416015625,14.05,28.500000000000004,-1.427996826171876,0.258819045102521,-0.9659258262890682,11.080010986328126,10.800006103515624
0,25.73600006103516,829.2,9.62801513671875,14.030000000000001,28.400000000000006,-1.4119934082031271,0.258819045102521,-0.9659258262890682,11.040008544921877,10.754010009765624
0,25.792000198364263,830.6000000000001,9.57601318359375,14.03,28.450000000000003,-1.4339965820312504,0.258819045102521,-0.9659258262890682,11.010009765625,10.77000732421875
0,25.881999969482425,831.0000000000001,9.530010986328124,14.07,28.480000000000004,-1.4579956054687528,0.258819045102521,-0.9659258262890682,10.988006591796877,10.72401123046875
0,25.937999725341797,826.6000000000001,9.475009155273437,14.08,28.460000000000004,-1.4879943847656278,0.258819045102521,-0.9659258262890682,10.963003540039065,10.658013916015625
0,25.981999588012698,823.4000000000001,9.423007202148439,14.09,28.490000000000002,-1.5239929199218754,0.258819045102521,-0.9659258262890682,10.947000122070314,10.572015380859375
0,25.949999618530274,816.8000000000001,9.401004028320312,14.120000000000001,28.660000000000004,-1.4999938964843764,0.258819045102521,-0.9659258262890682,10.900997924804688,10.55401611328125
0,25.849999618530276,813.6,9.383004760742187,14.13,28.680000000000007,-1.5059936523437507,0.258819045102521,-0.9659258262890682,10.888998413085938,10.514019775390626
0,25.70399971008301,809.0,9.389004516601563,14.13,28.68,-1.4699951171874996,0.258819045102521,-0.9659258262890682,10.858999633789063,10.526019287109376
0,25.570000076293947,807.8,9.374005126953126,14.100000000000001,28.720000000000002,-1.4639953613281236,0.258819045102521,-0.9659258262890682,10.83800048828125,10.52001953125
0,25.44800033569336,809.5999999999999,9.3800048828125,14.090000000000002,28.710000000000004,-1.4579956054687493,0.258819045102521,-0.9659258262890682,10.83800048828125,10.514019775390626
0,25.370000457763673,816.2,9.338006591796875,14.070000000000002,28.61,-1.4819946289062518,1.2246467991473532e-16,-1.0,10.820001220703126,10.508020019531248
0,25.314000320434573,825.4000000000001,9.302008056640625,14.07,28.610000000000007,-1.4659912109374993,1.2246467991473532e-16,-1.0,10.767999267578125,10.532019042968749
0,25.29200057983399,831.8000000000001,9.2840087890625,13.99,28.650000000000006,-1.5019897460937504,1.2246467991473532e-16,-1.0,10.785998535156251,10.53201904296875
0,25.282000350952153,841.4000000000001,9.278009033203125,14.020000000000001,28.57,-1.5169891357421879,1.2246467991473532e-16,-1.0,10.794998168945312,10.541018676757812
0,25.226000213623053,849.6000000000001,9.242010498046875,14.030000000000001,28.5,-1.5409881591796886,1.2246467991473532e-16,-1.0,10.782998657226564,10.541018676757812
0,25.170000076293945,857.0,9.260009765625,14.0,28.53,-1.5109893798828136,1.2246467991473532e-16,-1.0,10.770999145507814,10.559017944335936
0,25.17000007629395,860.4000000000001,9.27200927734375,13.99,28.48,-1.5109893798828118,1.2246467991473532e-16,-1.0,10.782998657226562,10.565017700195312
0,25.159999847412113,857.8000000000001,9.260009765625,14.06,28.44,-1.4989898681640614,1.2246467991473532e-16,-1.0,10.758999633789061,10.553018188476564
0,25.17000007629395,858.4000000000001,9.260009765625,14.100000000000001,28.53,-1.465991210937501,1.2246467991473532e-16,-1.0,10.726000976562501,10.568017578125
0,25.247999954223637,857.2,9.24400634765625,14.060000000000002,28.61,-1.4519958496093768,1.2246467991473532e-16,-1.0,10.696002197265626,10.586016845703126
0,25.347999954223635,856.8000000000001,9.226007080078125,14.080000000000002,28.59,-1.4599975585937521,1.2246467991473532e-16,-1.0,10.686004638671877,10.598016357421876
0,25.47000007629395,854.8000000000001,9.220007324218749,14.059999999999999,28.580000000000002,-1.4380004882812525,1.2246467991473532e-16,-1.0,10.658007812500001,10.580017089843752
0,25.63600006103516,862.6,9.19200439453125,14.049999999999999,28.560000000000002,-1.4840026855468764,1.2246467991473532e-16,-1.0,10.676007080078126,10.604016113281252
0,25.76999969482422,862.0,9.16600341796875,14.01,28.510000000000005,-1.5200042724609375,1.2246467991473532e-16,-1.0,10.686007690429687,10.614013671875002
0,25.8379997253418,859.6,9.170007324218748,14.030000000000001,28.490000000000002,-1.5060028076171914,1.2246467991473532e-16,-1.0,10.67601013183594,10.630010986328127
0,25.849999618530276,855.8,9.148004150390625,14.060000000000002,28.380000000000003,-1.5680023193359371,1.2246467991473532e-16,-1.0,10.716006469726562,10.652008056640627
0,25.793999481201176,851.8000000000001,9.1300048828125,14.100000000000001,28.380000000000003,-1.5860015869140618,1.2246467991473532e-16,-1.0,10.716006469726562,10.698004150390627
0,25.70599937438965,845.8000000000001,9.14600830078125,14.14,28.360000000000003,-1.5579986572265607,1.2246467991473532e-16,-1.0,10.704006958007811,10.726000976562503
0,25.671999740600587,842.2,9.154010009765624,14.11,28.46,-1.5779968261718764,1.2246467991473532e-16,-1.0,10.7320068359375,10.761999511718752
0,25.6939998626709,846.0000000000001,9.154010009765624,14.12,28.410000000000004,-1.64599609375,1.2246467991473532e-16,-1.0,10.800006103515624,10.779998779296875
0,25.738000106811523,840.4000000000001,9.154010009765626,14.129999999999999,28.47,-1.5999999999999979,1.2246467991473532e-16,-1.0,10.754010009765624,10.785998535156253
0,25.804000091552737,837.0000000000001,9.166009521484376,14.13,28.53,-1.6039978027343729,1.2246467991473532e-16,-1.0,10.77000732421875,10.767999267578126
0,25.85800018310547,828.6000000000001,9.138006591796877,14.09,28.59,-1.5860046386718736,1.2246467991473532e-16,-1.0,10.72401123046875,10.791998291015625
0,25.87999992370606,828.0,9.119003295898438,14.15,28.55,-1.5390106201171871,1.2246467991473532e-16,-1.0,10.658013916015625,10.7739990234375
0,25.86800003051758,823.2,9.108999633789063,14.17,28.68,-1.4630157470703118,1.2246467991473532e-16,-1.0,10.572015380859375,10.808001708984376
0,25.834000015258795,827.8,9.119003295898438,14.15,28.78,-1.4350128173828125,1.2246467991473532e-16,-1.0,10.55401611328125,10.842004394531251
0,25.812000274658207,834.1999999999999,9.107003784179687,14.16,28.740000000000002,-1.4070159912109386,1.2246467991473532e-16,-1.0,10.514019775390626,10.884002685546877
0,25.79000053405762,842.6,9.119003295898438,14.160000000000002,28.71,-1.4070159912109386,1.2246467991473532e-16,-1.0,10.526019287109376,10.884002685546877
0,25.802000427246092,842.2,9.098004150390624,14.190000000000001,28.700000000000003,-1.422015380859376,1.2246467991473532e-16,-1.0,10.52001953125,10.914001464843752
0,25.870000076293948,840.8000000000001,9.1080078125,14.180000000000001,28.610000000000003,-1.4060119628906254,1.2246467991473532e-16,-1.0,10.514019775390626,10.909997558593751
0,26.004000091552737,838.0,9.074005126953125,14.21,28.540000000000003,-1.4340148925781229,-0.2588190451025208,-0.9659258262890683,10.508020019531248,10.921997070312502
0,26.115999984741215,834.0,9.034002685546875,14.240000000000002,28.530000000000005,-1.4980163574218732,-0.2588190451025208,-0.9659258262890683,10.532019042968749,10.909997558593751
0,26.22799987792969,831.8000000000001,9.028002929687501,14.28,28.560000000000002,-1.5040161132812493,-0.2588190451025208,-0.9659258262890683,10.53201904296875,10.897998046875001
0,26.306000137329107,830.8000000000001,9.034002685546875,14.23,28.510000000000005,-1.5070159912109364,-0.2588190451025208,-0.9659258262890683,10.541018676757812,10.894000244140626
0,26.372000122070315,831.0000000000001,8.98800048828125,14.23,28.590000000000003,-1.5530181884765621,-0.2588190451025208,-0.9659258262890683,10.541018676757812,10.898004150390625
0,26.381999969482422,830.6000000000001,8.994000244140626,14.23,28.580000000000002,-1.5650177001953107,-0.2588190451025208,-0.9659258262890683,10.559017944335936,10.8800048828125
0,26.381999969482425,829.2000000000002,8.994000244140626,14.209999999999999,28.580000000000002,-1.5710174560546868,-0.2588190451025208,-0.9659258262890683,10.565017700195312,10.920007324218751
0,26.370000076293948,827.8000000000002,8.96400146484375,14.2,28.610000000000003,-1.5890167236328132,-0.2588190451025208,-0.9659258262890683,10.553018188476564,10.954010009765627
0,26.370000076293948,826.4000000000002,8.952001953125,14.17,28.630000000000003,-1.6160156249999993,-0.2588190451025208,-0.9659258262890683,10.568017578125,10.97701110839844
0,26.336000442504886,824.4000000000001,8.994000244140626,14.190000000000001,28.550000000000004,-1.5920166015625004,-0.2588190451025208,-0.9659258262890683,10.586016845703126,10.989010620117188
0,26.260000610351568,822.0000000000001,8.994000244140626,14.170000000000002,28.670000000000005,-1.6040161132812507,-0.2588190451025208,-0.9659258262890683,10.598016357421876,10.995010375976562
0,26.18200035095215,820.0000000000001,9.01199951171875,14.17,28.720000000000006,-1.5680175781250014,-0.2588190451025208,-0.9659258262890683,10.580017089843752,10.949008178710939
0,26.12800025939942,817.6000000000001,9.058001708984376,14.16,28.67,-1.5460144042968764,-0.2588190451025208,-0.9659258262890683,10.604016113281252,10.927005004882814
0,26.094000244140627,814.8,9.104003906250002,14.180000000000001,28.67,-1.510009765625,-0.2588190451025208,-0.9659258262890683,10.614013671875002,10.884002685546875
0,26.08400001525879,812.4000000000001,9.12000732421875,14.190000000000001,28.720000000000006,-1.5100036621093764,-0.2588190451025208,-0.9659258262890683,10.630010986328127,10.820001220703126
0,26.150000000000002,810.6,9.142010498046876,14.21,28.660000000000007,-1.509997558593751,-0.2588190451025208,-0.9659258262890683,10.652008056640627,10.7739990234375
0,26.250000000000004,809.2,9.164013671875,14.19,28.680000000000007,-1.5339904785156264,-0.2588190451025208,-0.9659258262890683,10.698004150390627,10.744000244140626
0,26.3379997253418,808.5999999999999,9.170013427734375,14.190000000000001,28.680000000000003,-1.5559875488281278,-0.2588190451025208,-0.9659258262890683,10.726000976562503,10.686004638671875
0,26.37199974060059,808.6000000000001,9.194012451171876,14.209999999999999,28.680000000000003,-1.5679870605468764,-0.2588190451025208,-0.9659258262890683,10.761999511718752,10.64600830078125
0,26.359999847412112,807.2,9.21201171875,14.2,28.700000000000006,-1.5679870605468746,-0.2588190451025208,-0.9659258262890683,10.779998779296875,10.6360107421875
0,26.347999954223635,805.4000000000001,9.218011474609376,14.19,28.660000000000004,-1.5679870605468764,-0.2588190451025208,-0.9659258262890683,10.785998535156253,10.566009521484375
0,26.347999954223635,805.0,9.230010986328125,14.200000000000001,28.630000000000006,-1.5379882812500014,-0.2588190451025208,-0.9659258262890683,10.767999267578126,10.544012451171875
0,26.347999954223635,804.6,9.254010009765626,14.200000000000001,28.650000000000006,-1.5379882812499996,-0.2588190451025208,-0.9659258262890683,10.791998291015625,10.514007568359375
0,26.357999801635742,803.8,9.248010253906251,14.190000000000001,28.67,-1.5259887695312493,-0.2588190451025208,-0.9659258262890683,10.7739990234375,10.513003540039062
0,26.379999923706055,803.0,9.266009521484376,14.17,28.65,-1.5419921875,-0.2588190451025208,-0.9659258262890683,10.808001708984376,10.529000854492187
0,26.391999816894533,800.2,9.3080078125,14.18,28.7,-1.5339965820312518,-0.2588190451025208,-0.9659258262890683,10.842004394531251,10.629000854492187
0,26.347999954223635,793.8,9.344006347656249,14.17,28.690000000000005,-1.5399963378906278,-0.2588190451025208,-0.9659258262890683,10.884002685546877,10.698995971679688
0,26.304000091552737,783.6000000000001,9.362005615234375,14.21,28.720000000000002,-1.5219970703125014,-0.2588190451025208,-0.9659258262890683,10.884002685546877,10.820999145507812
0,26.272000122070317,774.4000000000001,9.398004150390626,14.219999999999999,28.840000000000007,-1.5159973144531254,-0.2588190451025208,-0.9659258262890683,10.914001464843752,10.929000854492188
0,26.239999771118168,771.1999999999999,9.416003417968751,14.2,28.860000000000007,-1.4939941406250004,-0.2588190451025208,-0.9659258262890683,10.909997558593751,11.023001098632813
0,26.161999511718754,768.4000000000001,9.410003662109375,14.2,28.870000000000005,-1.5119934082031268,-0.4999999999999997,-0.8660254037844388,10.921997070312502,11.121005249023439
0,26.083999633789062,769.8,9.41600341796875,14.180000000000001,28.990000000000002,-1.4939941406250021,-0.4999999999999997,-0.8660254037844388,10.909997558593751,11.231008911132813
0,25.9939998626709,770.8000000000001,9.4280029296875,14.15,29.03,-1.4699951171875014,-0.4999999999999997,-0.8660254037844388,10.897998046875001,11.295010375976563
0,25.8939998626709,772.2,9.431002807617187,14.18,28.980000000000004,-1.4629974365234393,-0.4999999999999997,-0.8660254037844388,10.894000244140626,11.366009521484374
0,25.804000091552737,768.0000000000001,9.425003051757812,14.19,29.01,-1.4730010986328121,-0.4999999999999997,-0.8660254037844388,10.898004150390625,11.464007568359374
0,25.748000335693355,761.0000000000001,9.431002807617187,14.18,29.05,-1.4490020751953132,-0.4999999999999997,-0.8660254037844388,10.8800048828125,11.504003906250002
0,25.71400032043457,742.8000000000001,9.437002563476563,14.18,28.94,-1.4830047607421886,-0.4999999999999997,-0.8660254037844388,10.920007324218751,11.566003417968751
0,25.67000007629395,713.0,9.437002563476563,14.130000000000003,28.900000000000002,-1.517007446289064,-0.4999999999999997,-0.8660254037844388,10.954010009765627,11.646002197265625
0,25.647999954223636,678.0000000000001,9.440002441406248,14.080000000000002,28.8,-1.5370086669921914,-0.4999999999999997,-0.8660254037844388,10.97701110839844,11.710003662109376
0,25.625999832153326,638.6000000000001,9.446002197265624,14.05,28.71,-1.543008422851564,-0.4999999999999997,-0.8660254037844388,10.989010620117188,11.74400634765625
0,25.5939998626709,575.0,9.452001953125,14.040000000000003,28.630000000000003,-1.5430084228515621,-0.4999999999999997,-0.8660254037844388,10.995010375976562,11.802008056640625
0,25.57199974060059,528.6000000000001,9.452001953125,14.02,28.669999999999998,-1.4970062255859382,-0.4999999999999997,-0.8660254037844388,10.949008178710939,11.832006835937502
0,25.57199974060059,501.4,9.410003662109375,14.0,28.59,-1.5170013427734386,-0.4999999999999997,-0.8660254037844388,10.927005004882814,11.896008300781252
0,25.550000000000004,476.8,9.377005004882813,13.96,28.61,-1.5069976806640621,-0.4999999999999997,-0.8660254037844388,10.884002685546875,11.9320068359375
0,25.540000152587893,460.6000000000001,9.353005981445314,13.96,28.620000000000005,-1.4669952392578125,-0.4999999999999997,-0.8660254037844388,10.820001220703126,11.956005859374999
0,25.52799987792969,481.00000000000006,9.317007446289061,13.940000000000001,28.560000000000002,-1.4569915771484396,-0.4999999999999997,-0.8660254037844388,10.7739990234375,11.956005859375
0,25.4939998626709,488.40000000000003,9.257009887695311,13.950000000000003,28.48,-1.4869903564453146,-0.4999999999999997,-0.8660254037844388,10.744000244140626,11.950006103515625
0,25.4939998626709,495.2,9.211007690429687,13.96,28.55,-1.4749969482421879,-0.4999999999999997,-0.8660254037844388,10.686004638671875,11.86400146484375
0,25.51599960327149,503.20000000000005,9.156005859375,13.93,28.540000000000003,-1.4900024414062507,-0.4999999999999997,-0.8660254037844388,10.64600830078125,11.794000244140625
0,25.503999328613286,500.8,9.0800048828125,13.91,28.480000000000004,-1.5560058593750004,-0.4999999999999997,-0.8660254037844388,10.6360107421875,11.705999755859375
0,25.481999588012698,480.0,9.022003173828127,13.92,28.450000000000003,-1.5440063476562482,-0.4999999999999997,-0.8660254037844388,10.566009521484375,11.629998779296875
0,25.471999740600587,490.40000000000003,9.034002685546877,13.930000000000001,28.419999999999998,-1.5100097656249982,-0.4999999999999997,-0.8660254037844388,10.544012451171875,11.544000244140625
0,25.449999618530274,506.6,9.080004882812501,13.93,25.94,-1.434002685546874,-0.4999999999999997,-0.8660254037844388,10.514007568359375,11.502001953125
0,25.40399971008301,520.4,9.147006225585937,13.980000000000004,23.55,-1.365997314453125,-0.4999999999999997,-0.8660254037844388,10.513003540039062,11.462005615234375
0,25.370000076293948,530.0,9.247006225585938,14.020000000000003,21.19,-1.281994628906249,-0.4999999999999997,-0.8660254037844388,10.529000854492187,11.400006103515624
0,25.33600006103516,549.4000000000001,9.393008422851564,14.010000000000002,18.869999999999997,-1.2359924316406232,-0.4999999999999997,-0.8660254037844388,10.629000854492187,11.338006591796875
0,25.30200004577637,557.2,9.481008911132813,14.000000000000002,16.54,-1.217987060546875,-0.4999999999999997,-0.8660254037844388,10.698995971679688,11.262005615234376
0,25.26800041198731,544.4,9.599008178710937,13.960000000000003,16.580000000000002,-1.2219909667968754,-0.4999999999999997,-0.8660254037844388,10.820999145507812,11.170007324218751
0,25.26800041198731,547.8,9.707006835937499,13.930000000000001,16.61,-1.221994018554689,-0.4999999999999997,-0.8660254037844388,10.929000854492188,11.088006591796876
0,25.30200004577637,563.6,9.8050048828125,13.92,16.66,-1.2179962158203121,-0.4999999999999997,-0.8660254037844388,11.023001098632813,11.024005126953128
0,25.357999801635746,564.2,9.899005126953124,13.920000000000002,16.64,-1.2220001220703143,-0.7071067811865471,-0.7071067811865479,11.121005249023439,10.96600341796875
0,25.401999664306643,546.0,9.987005615234375,13.91,16.6,-1.2440032958984375,-0.7071067811865471,-0.7071067811865479,11.231008911132813,10.926000976562499
0,25.413999557495117,542.2,10.06900634765625,13.930000000000001,16.63,-1.2260040283203129,-0.7071067811865471,-0.7071067811865479,11.295010375976563,10.855999755859376
0,25.425999450683594,507.00000000000006,10.162005615234374,13.950000000000003,16.540000000000003,-1.2040039062499996,-0.7071067811865471,-0.7071067811865479,11.366009521484374,10.797998046875
0,25.425999450683594,463.6,10.256005859375,13.93,16.51,-1.2080017089843746,-0.7071067811865471,-0.7071067811865479,11.464007568359374,10.76199951171875
0,25.425999450683598,418.0,10.302001953125,13.879999999999999,16.520000000000003,-1.2020019531250021,-0.7071067811865471,-0.7071067811865479,11.504003906250002,10.71600341796875
0,25.403999710083013,416.6000000000001,10.3719970703125,13.85,16.52,-1.1940063476562521,-0.7071067811865471,-0.7071067811865479,11.566003417968751,10.6280029296875
0,25.359999465942387,403.6,10.4239990234375,13.86,16.490000000000002,-1.222003173828126,-0.7071067811865471,-0.7071067811865479,11.646002197265625,10.582000732421875
0,25.2819995880127,428.00000000000006,10.482000732421875,13.88,16.540000000000003,-1.2280029296875004,-0.7071067811865471,-0.7071067811865479,11.710003662109376,10.5239990234375
0,25.225999832153324,480.8,10.51800537109375,13.89,16.550000000000004,-1.2260009765624993,-0.7071067811865471,-0.7071067811865479,11.74400634765625,10.484002685546876
0,25.213999938964847,541.2,10.59400634765625,13.950000000000001,16.54,-1.2080017089843746,-0.7071067811865471,-0.7071067811865479,11.802008056640625,10.460003662109376
0,25.26999969482422,572.0,10.670007324218751,13.970000000000002,16.57,-1.1619995117187507,-0.7071067811865471,-0.7071067811865479,11.832006835937502,10.472009277343751
0,25.369999694824223,597.6,10.74000244140625,14.000000000000004,16.610000000000003,-1.1560058593750018,-0.7071067811865471,-0.7071067811865479,11.896008300781252,10.530010986328124
0,25.469999694824224,608.0,10.724005126953125,14.010000000000002,18.900000000000002,-1.2080017089843746,-0.7071067811865471,-0.7071067811865479,11.9320068359375,10.572015380859375
0,25.5379997253418,594.4,10.706005859375,14.020000000000001,21.400000000000002,-1.2499999999999982,-0.7071067811865471,-0.7071067811865479,11.956005859374999,10.630010986328127
0,25.549999618530276,595.4000000000001,10.636004638671876,14.0,23.83,-1.3200012207031246,-0.7071067811865471,-0.7071067811865479,11.956005859375,10.688006591796878
0,25.527999496459962,586.0,10.538006591796876,14.010000000000002,26.220000000000002,-1.411999511718749,-0.7071067811865471,-0.7071067811865479,11.950006103515625,10.746002197265625
0,25.51599960327149,591.6,10.428009033203127,14.010000000000002,28.600000000000005,-1.4359924316406225,-0.7071067811865471,-0.7071067811865479,11.86400146484375,10.752001953125001
0,25.5379997253418,582.8000000000001,10.334008789062501,13.990000000000002,28.780000000000005,-1.4599914550781232,-0.7071067811865471,-0.7071067811865479,11.794000244140625,10.81400146484375
0,25.54799957275391,577.8000000000001,10.264007568359375,13.970000000000002,28.75,-1.4419921875000004,-0.7071067811865471,-0.7071067811865479,11.705999755859375,10.820001220703126
0,25.569999694824222,566.2,10.212011718749999,13.969999999999999,28.71,-1.417987060546876,-0.7071067811865471,-0.7071067811865479,11.629998779296875,10.848004150390626
0,25.613999938964845,552.4000000000001,10.1360107421875,13.98,28.78,-1.407989501953125,-0.7071067811865471,-0.7071067811865479,11.544000244140625,10.882006835937501
0,25.658000183105468,536.6,10.070013427734375,13.98,28.76,-1.431988525390624,-0.7071067811865471,-0.7071067811865479,11.502001953125,10.906005859375
0,25.69200019836426,529.0,10.006011962890625,13.990000000000002,28.76,-1.45599365234375,-0.7071067811865471,-0.7071067811865479,11.462005615234375,10.912005615234374
0,25.74800033569336,518.4000000000001,9.954010009765625,14.010000000000002,28.770000000000003,-1.445996093749999,-0.7071067811865471,-0.7071067811865479,11.400006103515624,10.9580078125
0,25.814000320434573,510.0,9.878009033203126,14.020000000000001,28.770000000000003,-1.4599975585937486,-0.7071067811865471,-0.7071067811865479,11.338006591796875,10.952008056640626
0,25.85800018310547,502.0,9.8360107421875,14.020000000000003,28.730000000000004,-1.425994873046875,-0.7071067811865471,-0.7071067811865479,11.262005615234376,10.976007080078126
0,25.891999816894533,493.6,9.744006347656253,14.030000000000003,28.700000000000003,-1.4260009765624986,-0.7071067811865471,-0.7071067811865479,11.170007324218751,11.016009521484378
0,25.891999816894533,485.40000000000003,9.686004638671875,14.010000000000002,28.660000000000004,-1.4020019531250014,-0.7071067811865471,-0.7071067811865479,11.088006591796876,11.010009765625002
0,25.879999923706055,479.20000000000005,9.60400390625,13.989999999999998,28.6,-1.4200012207031278,-0.7071067811865471,-0.7071067811865479,11.024005126953128,11.028009033203126
0,25.847999954223635,472.80000000000007,9.51600341796875,14.010000000000002,28.669999999999998,-1.4499999999999993,-0.8660254037844385,-0.5000000000000004,10.96600341796875,11.058007812500001
0,25.81599998474121,467.2000000000001,9.446002197265626,13.990000000000002,28.68,-1.4799987792968725,-0.8660254037844385,-0.5000000000000004,10.926000976562499,11.0340087890625
0,25.738000106811523,460.6000000000001,9.41600341796875,14.03,28.77,-1.4399963378906264,-0.8660254037844385,-0.5000000000000004,10.855999755859376,11.0340087890625
0,25.6939998626709,454.40000000000003,9.368005371093751,14.030000000000001,28.810000000000002,-1.4299926757812482,-0.8660254037844385,-0.5000000000000004,10.797998046875,11.07000732421875
0,25.661999511718747,438.20000000000005,9.32000732421875,14.020000000000003,28.82,-1.4419921875000004,-0.8660254037844385,-0.5000000000000004,10.76199951171875,11.040008544921875
0,25.639999389648438,423.20000000000005,9.2800048828125,14.010000000000003,28.770000000000003,-1.4359985351562496,-0.8660254037844385,-0.5000000000000004,10.71600341796875,11.010009765625002
0,25.617999267578128,406.00000000000006,9.2280029296875,14.030000000000003,28.780000000000005,-1.4000000000000004,-0.8660254037844385,-0.5000000000000004,10.6280029296875,11.02200927734375
0,25.651999282836915,392.6,9.158001708984376,13.950000000000001,28.730000000000004,-1.4239990234374993,-0.8660254037844385,-0.5000000000000004,10.582000732421875,11.016009521484378
0,25.683999633789064,373.20000000000005,9.1239990234375,13.940000000000001,28.640000000000004,-1.4000000000000004,-0.8660254037844385,-0.5000000000000004,10.5239990234375,10.97000732421875
0,25.6939998626709,371.8,9.13599853515625,13.93,26.200000000000003,-1.3480041503906257,-0.8660254037844385,-0.5000000000000004,10.484002685546876,10.942004394531251
0,25.6939998626709,361.6,9.16400146484375,13.88,23.790000000000006,-1.2960021972656257,-0.8660254037844385,-0.5000000000000004,10.460003662109376,10.9260009765625
0,25.6939998626709,343.6,9.222003173828126,13.86,21.330000000000002,-1.2500061035156254,-0.8660254037844385,-0.5000000000000004,10.472009277343751,10.88599853515625
0,25.681999969482426,321.4,9.310003662109375,13.83,18.89,-1.2200073242187486,-0.8660254037844385,-0.5000000000000004,10.530010986328124,10.857995605468751
0,25.649999618530273,279.59999999999997,9.3800048828125,13.790000000000001,16.5,-1.1920104980468746,-0.8660254037844385,-0.5000000000000004,10.572015380859375,10.815997314453124
0,25.617999649047853,224.60000000000002,9.422003173828127,13.790000000000001,16.51,-1.2080078125,-0.8660254037844385,-0.5000000000000004,10.630010986328127,10.791998291015624
0,25.583999633789066,200.60000000000002,9.476000976562501,13.790000000000001,16.490000000000002,-1.2120056152343768,-0.8660254037844385,-0.5000000000000004,10.688006591796878,10.74000244140625
0,25.527999877929688,189.8,9.504003906250002,13.76,16.490000000000002,-1.2419982910156229,-0.8660254037844385,-0.5000000000000004,10.746002197265625,10.6820068359375
0,25.461999893188477,187.8,9.562005615234376,13.77,16.51,-1.1899963378906246,-0.8660254037844385,-0.5000000000000004,10.752001953125001,10.600012207031249
0,25.4060001373291,185.4,9.596008300781252,13.770000000000001,16.5,-1.2179931640624986,-0.8660254037844385,-0.5000000000000004,10.81400146484375,10.560015869140624
0,25.360000228881837,207.0,9.618011474609375,13.72,16.48,-1.2019897460937514,-0.8660254037844385,-0.5000000000000004,10.820001220703126,10.514019775390626
0,25.31600036621094,221.4,9.65201416015625,13.700000000000001,16.46,-1.1959899902343754,-0.8660254037844385,-0.5000000000000004,10.848004150390626,10.490014648437498
0,25.26000022888184,240.2,9.682012939453125,13.690000000000001,16.4,-1.1999938964843757,-0.8660254037844385,-0.5000000000000004,10.882006835937501,10.45001220703125
0,25.17000007629395,247.20000000000002,9.70001220703125,13.670000000000002,16.42,-1.20599365234375,-0.8660254037844385,-0.5000000000000004,10.906005859375,10.426007080078124
0,25.091999816894532,281.20000000000005,9.74801025390625,13.660000000000002,16.36,-1.1639953613281246,-0.8660254037844385,-0.5000000000000004,10.912005615234374,10.362005615234375
0,25.035999679565435,298.8,9.802008056640625,13.680000000000001,16.310000000000002,-1.1559997558593746,-0.8660254037844385,-0.5000000000000004,10.9580078125,10.322003173828126
0,24.97999954223633,300.2,9.82000732421875,13.670000000000002,16.28,-1.1320007324218757,-0.8660254037844385,-0.5000000000000004,10.952008056640626,10.264007568359377
0,24.945999526977545,289.40000000000003,9.838006591796876,13.670000000000002,16.310000000000002,-1.13800048828125,-0.8660254037844385,-0.5000000000000004,10.976007080078126,10.228009033203126
0,24.945999526977545,276.4,9.832006835937502,13.650000000000002,16.300000000000004,-1.1840026855468757,-0.8660254037844385,-0.5000000000000004,11.016009521484378,10.176013183593753
0,24.945999526977545,261.6,9.850006103515627,13.630000000000003,16.35,-1.160003662109375,-0.8660254037844385,-0.5000000000000004,11.010009765625002,10.146014404296876
0,24.92399940490723,239.00000000000003,9.838006591796876,13.610000000000003,16.36,-1.19000244140625,-0.8660254037844385,-0.5000000000000004,11.028009033203126,10.122015380859375
0,24.911999511718758,215.80000000000004,9.84400634765625,13.600000000000003,16.41,-1.2140014648437507,-0.9659258262890683,-0.25881904510252063,11.058007812500001,10.134014892578126
0,24.88999977111817,187.00000000000003,9.856005859375,13.570000000000002,16.46,-1.1780029296875014,-0.9659258262890683,-0.25881904510252063,11.0340087890625,10.164013671875
0,24.84599990844727,164.40000000000003,9.874005126953126,13.55,16.45,-1.160003662109375,-0.9659258262890683,-0.25881904510252063,11.0340087890625,10.194012451171876
0,24.768000030517584,142.2,9.862005615234375,13.54,16.480000000000004,-1.2080017089843746,-0.9659258262890683,-0.25881904510252063,11.07000732421875,10.230010986328125
0,24.679999923706056,125.4,9.850006103515625,13.51,16.52,-1.19000244140625,-0.9659258262890683,-0.25881904510252063,11.040008544921875,10.27000732421875
0,24.579999923706055,109.19999999999999,9.874005126953126,13.490000000000002,16.500000000000004,-1.136004638671876,-0.9659258262890683,-0.25881904510252063,11.010009765625002,10.288006591796876
0,24.491999816894534,103.19999999999999,9.886004638671876,13.46,16.480000000000004,-1.1360046386718743,-0.9659258262890683,-0.25881904510252063,11.02200927734375,10.300006103515624
0,24.42599983215332,99.4,9.868005371093751,13.469999999999999,16.480000000000004,-1.1480041503906264,-0.9659258262890683,-0.25881904510252063,11.016009521484378,10.322003173828124
0,24.381999969482422,97.80000000000001,9.868005371093751,13.45,16.42,-1.102001953124999,-0.9659258262890683,-0.25881904510252063,10.97000732421875,10.373999023437499
0,24.348000335693357,97.0,9.856005859375001,13.410000000000002,16.42,-1.08599853515625,-0.9659258262890683,-0.25881904510252063,10.942004394531251,10.391998291015623
0,24.304000473022462,98.2,9.8080078125,13.39,16.44,-1.1179931640625007,-0.9659258262890683,-0.25881904510252063,10.9260009765625,10.455999755859374
0,24.248000335693362,100.2,9.772009277343749,13.39,16.42,-1.1139892578125021,-0.9659258262890683,-0.25881904510252063,10.88599853515625,10.502001953125001
0,24.17000007629395,102.2,9.7360107421875,13.35,16.38,-1.1219848632812521,-0.9659258262890683,-0.25881904510252063,10.857995605468751,10.526007080078124
0,24.091999816894532,104.2,9.70001220703125,13.33,16.41,-1.1159851074218743,-0.9659258262890683,-0.25881904510252063,10.815997314453124,10.4860107421875
0,24.00399971008301,105.2,9.660009765625,13.37,16.39,-1.1319885253906232,-0.9659258262890683,-0.25881904510252063,10.791998291015624,10.510015869140625
0,23.9379997253418,105.4,9.614007568359375,13.33,16.39,-1.125994873046876,-0.9659258262890683,-0.25881904510252063,10.74000244140625,10.486016845703125
