size,disp,std,centroid_std,som_size,unused_som
250,0.25,0.07045747,0.036286499,3,0
250,0.25,0.074066036,0.032784291,4,0
250,0.25,0.073016669,0.034651667,5,0
250,0.25,0.071470258,0.037386373,6,0
250,0.25,0.071221053,0.033193673,7,0
250,0.25,0.070167008,0.035950015,8,0
250,0.25,0.071882653,0.035883875,9,3.703703704
250,0.25,0.070267214,0.035949946,10,6
250,0.25,0.071996792,0.034110185,11,8.26446281
250,0.25,0.070890792,0.034055293,12,11.11111111
250,0.25,0.073123527,0.033344221,13,15.97633136
250,0.25,0.07314934,0.033245531,14,23.46938776
250,0.25,0.071223177,0.035926167,15,25.77777778
250,0.25,0.072133129,0.033623451,16,33.984375
250,0.25,0.071450509,0.037546022,17,35.64013841
250,0.25,0.071424827,0.033389016,18,37.65432099
250,0.25,0.073078635,0.032657338,19,45.42936288
250,0.25,0.071729844,0.030932134,20,50.25
250,0.25,0.072433564,0.033695902,21,50.79365079
250,0.25,0.071524576,0.036398096,22,56.40495868
250,0.25,0.072988157,0.034507884,23,57.46691871
250,0.25,0.071882948,0.033096272,24,60.06944444
250,0.25,0.073099762,0.035870776,25,62.72
250,0.25,0.070415803,0.035157001,26,64.79289941
250,0.25,0.07298833,0.034275906,27,67.35253772
250,0.25,0.073064622,0.033484655,28,70.15306122
250,0.5,0.142789443,0.066180482,3,0
250,0.5,0.14627548,0.070209914,4,0
250,0.5,0.144823867,0.074090801,5,0
250,0.5,0.146162526,0.06922701,6,0
250,0.5,0.143986178,0.0689017,7,0
250,0.5,0.1455102,0.069786111,8,1.5625
250,0.5,0.141637432,0.06924731,9,4.938271605
250,0.5,0.145649019,0.06596818,10,4
250,0.5,0.146599872,0.07123008,11,4.958677686
250,0.5,0.147216772,0.065583051,12,10.41666667
250,0.5,0.146510367,0.070906325,13,19.52662722
250,0.5,0.142574966,0.073119987,14,22.95918367
250,0.5,0.145906283,0.073480635,15,26.66666667
250,0.5,0.1452717,0.070786538,16,30.859375
250,0.5,0.14180052,0.074894656,17,36.33217993
250,0.5,0.145353778,0.075830045,18,38.58024691
250,0.5,0.145423953,0.069060883,19,47.92243767
250,0.5,0.142618061,0.073969049,20,49.75
250,0.5,0.138950273,0.067973825,21,50.79365079
250,0.5,0.147306298,0.065717483,22,55.37190083
250,0.5,0.143535562,0.066603247,23,57.84499055
250,0.5,0.143683671,0.072100251,24,59.54861111
250,0.5,0.144056093,0.071744252,25,63.2
250,0.5,0.146547912,0.070081536,26,65.68047337
250,0.5,0.146076289,0.070061999,27,67.35253772
250,0.5,0.148447089,0.070260297,28,69.51530612
250,1,0.285509547,0.134711743,3,0
250,1,0.285480324,0.13868371,4,0
250,1,0.29338108,0.124829135,5,0
250,1,0.290816108,0.125092555,6,0
250,1,0.289555133,0.138405944,7,0
250,1,0.286819825,0.129433655,8,1.5625
250,1,0.293135747,0.148134501,9,4.938271605
250,1,0.288278463,0.128485661,10,4
250,1,0.29334294,0.136769876,11,9.917355372
250,1,0.287786955,0.141123243,12,11.80555556
250,1,0.287888991,0.141324213,13,13.60946746
250,1,0.288904756,0.138624425,14,19.89795918
250,1,0.293241302,0.138262888,15,30.66666667
250,1,0.288663718,0.138686388,16,28.90625
250,1,0.290680182,0.136305632,17,35.64013841
250,1,0.297801801,0.138523169,18,42.90123457
250,1,0.289353956,0.132039174,19,44.87534626
250,1,0.289735184,0.129293616,20,47.25
250,1,0.282436602,0.145815366,21,50.56689342
250,1,0.295933922,0.136959989,22,54.75206612
250,1,0.292137705,0.153769023,23,59.16824197
250,1,0.274810382,0.136326932,24,60.59027778
250,1,0.286559849,0.145454824,25,62.72
250,1,0.29562878,0.139365237,26,65.38461538
250,1,0.279235457,0.138630239,27,67.21536351
250,1,0.28732296,0.140383712,28,69.3877551
250,1.5,0.434018634,0.210626322,3,0
250,1.5,0.432709072,0.208239936,4,0
250,1.5,0.434432611,0.226769589,5,0
250,1.5,0.436246886,0.199516926,6,0
250,1.5,0.438163796,0.199495186,7,2.040816327
250,1.5,0.435227813,0.217484702,8,4.6875
250,1.5,0.454987329,0.212842663,9,3.703703704
250,1.5,0.439641253,0.21436845,10,4
250,1.5,0.429521296,0.216180537,11,4.132231405
250,1.5,0.44709169,0.207552467,12,13.19444444
250,1.5,0.441075807,0.197952209,13,14.79289941
250,1.5,0.435768651,0.208891467,14,25.51020408
250,1.5,0.429862539,0.200126793,15,28.44444444
250,1.5,0.416243839,0.204924879,16,33.984375
250,1.5,0.435310446,0.210632195,17,34.60207612
250,1.5,0.433185069,0.195267669,18,40.74074074
250,1.5,0.4309993,0.208079517,19,45.70637119
250,1.5,0.427198474,0.220880694,20,47.5
250,1.5,0.435570467,0.208403291,21,50.56689342
250,1.5,0.443499629,0.205115718,22,55.78512397
250,1.5,0.439887207,0.20643842,23,58.4120983
250,1.5,0.419531047,0.198914661,24,60.59027778
250,1.5,0.434643712,0.201110483,25,62.88
250,1.5,0.439093232,0.211883312,26,65.23668639
250,1.5,0.439705486,0.222250655,27,67.0781893
250,1.5,0.445137433,0.202307525,28,69.64285714
250,2,0.582209956,0.280424908,3,0
250,2,0.574138605,0.257250361,4,0
250,2,0.562014206,0.27475973,5,0
250,2,0.570499338,0.291535878,6,0
250,2,0.57357522,0.299684118,7,0
250,2,0.58011014,0.287915543,8,0
250,2,0.590065595,0.27962993,9,2.469135802
250,2,0.579119693,0.271226618,10,3
250,2,0.572317463,0.271243262,11,8.26446281
250,2,0.575332341,0.273637931,12,10.41666667
250,2,0.595087622,0.264872313,13,13.60946746
250,2,0.579487254,0.262361634,14,24.48979592
250,2,0.578491594,0.283815569,15,26.22222222
250,2,0.572609405,0.281108482,16,31.25
250,2,0.570005611,0.280872813,17,39.79238754
250,2,0.576164532,0.278768814,18,41.35802469
250,2,0.570665124,0.280772183,19,44.59833795
250,2,0.590351086,0.281876256,20,49
250,2,0.576733206,0.281770296,21,51.24716553
250,2,0.566113368,0.269381588,22,53.09917355
250,2,0.579519426,0.271492426,23,56.71077505
250,2,0.570244983,0.281396754,24,59.89583333
250,2,0.588729476,0.261172628,25,63.84
250,2,0.572492107,0.266679336,26,65.0887574
250,2,0.56761695,0.265930332,27,67.76406036
250,2,0.589058527,0.273710801,28,69.51530612
250,3,0.866133493,0.415542468,3,0
250,3,0.898199761,0.434467483,4,0
250,3,0.872265747,0.401524277,5,0
250,3,0.84586709,0.425929486,6,0
250,3,0.867492361,0.439038261,7,0
250,3,0.866483113,0.426905376,8,0
250,3,0.886839951,0.381479587,9,0
250,3,0.863419021,0.402686944,10,4
250,3,0.860011815,0.410026367,11,9.917355372
250,3,0.849233674,0.427029777,12,11.80555556
250,3,0.857409193,0.414175355,13,16.56804734
250,3,0.884394141,0.411132379,14,20.91836735
250,3,0.851415779,0.412120856,15,24.88888889
250,3,0.873166992,0.381255422,16,31.25
250,3,0.891691428,0.389993013,17,33.9100346
250,3,0.884642041,0.416812706,18,40.43209877
250,3,0.844841711,0.416851135,19,44.87534626
250,3,0.866660253,0.443847776,20,48.5
250,3,0.891657344,0.446420337,21,50.34013605
250,3,0.884557666,0.428317756,22,55.5785124
250,3,0.882949561,0.370556433,23,58.22306238
250,3,0.868294689,0.419604424,24,61.97916667
250,3,0.837959428,0.421363868,25,62.56
250,3,0.862968297,0.410285603,26,65.38461538
250,3,0.843329256,0.420687832,27,66.66666667
250,3,0.851630624,0.410072103,28,69.51530612
250,4,1.136203229,0.527189509,3,0
250,4,1.12792809,0.554861607,4,0
250,4,1.139962866,0.53267449,5,0
250,4,1.149823969,0.548621581,6,0
250,4,1.133736806,0.540768484,7,2.040816327
250,4,1.171637021,0.498339073,8,3.125
250,4,1.143088193,0.537233784,9,4.938271605
250,4,1.111510939,0.574576353,10,6
250,4,1.144616007,0.548646802,11,7.438016529
250,4,1.161819459,0.589595949,12,15.97222222
250,4,1.137601466,0.529479921,13,21.30177515
250,4,1.1502304,0.562933784,14,21.42857143
250,4,1.169847175,0.583935546,15,28
250,4,1.148110134,0.58699457,16,32.03125
250,4,1.168254929,0.571421663,17,33.9100346
250,4,1.152881488,0.56706704,18,39.50617284
250,4,1.162619123,0.552322256,19,44.04432133
250,4,1.128673912,0.561033476,20,46.75
250,4,1.141223313,0.553006738,21,53.7414966
250,4,1.169205087,0.559886248,22,52.47933884
250,4,1.148802771,0.573964707,23,57.08884688
250,4,1.15300277,0.580334136,24,60.24305556
250,4,1.150348991,0.577797684,25,63.36
250,4,1.159172815,0.554103882,26,64.49704142
250,4,1.148598222,0.542510946,27,67.0781893
250,4,1.17029286,0.574500364,28,69.51530612
500,0.25,0.071665289,0.035717274,3,0
500,0.25,0.072326171,0.034136959,4,0
500,0.25,0.07232943,0.034969667,5,0
500,0.25,0.072195823,0.033829512,6,0
500,0.25,0.0715785,0.035760139,7,0
500,0.25,0.072969475,0.036182224,8,0
500,0.25,0.073212179,0.034814522,9,0
500,0.25,0.073147237,0.031772725,10,0
500,0.25,0.071446357,0.03515127,11,1.652892562
500,0.25,0.071982345,0.035912082,12,1.388888889
500,0.25,0.072424222,0.03576799,13,4.733727811
500,0.25,0.071892512,0.037343544,14,8.163265306
500,0.25,0.071847983,0.036174449,15,4
500,0.25,0.072677787,0.034911705,16,12.109375
500,0.25,0.072949781,0.033051512,17,13.49480969
500,0.25,0.070529204,0.034979,18,13.58024691
500,0.25,0.072989753,0.033177323,19,21.05263158
500,0.25,0.071613435,0.03548925,20,21.25
500,0.25,0.072141345,0.035171747,21,26.53061224
500,0.25,0.071938797,0.036648918,22,29.33884298
500,0.25,0.07036047,0.035644106,23,30.05671078
500,0.25,0.072669166,0.033503704,24,36.11111111
500,0.25,0.071656253,0.035630505,25,40.64
500,0.25,0.071020815,0.03540392,26,42.89940828
500,0.25,0.072243386,0.035885372,27,43.62139918
500,0.25,0.073038435,0.034049983,28,48.97959184
500,0.5,0.141614424,0.069844393,3,0
500,0.5,0.141741839,0.06861304,4,0
500,0.5,0.145768803,0.070219338,5,0
500,0.5,0.141966315,0.073875622,6,0
500,0.5,0.145383643,0.071003103,7,0
500,0.5,0.144351663,0.067338805,8,0
500,0.5,0.142993835,0.06925373,9,1.234567901
500,0.5,0.145349828,0.069847821,10,1
500,0.5,0.144476737,0.069337627,11,2.479338843
500,0.5,0.145952894,0.068387581,12,0.694444444
500,0.5,0.145515113,0.073665298,13,2.366863905
500,0.5,0.144352459,0.068257059,14,4.081632653
500,0.5,0.143832546,0.067331497,15,8.888888889
500,0.5,0.142821034,0.066134539,16,8.59375
500,0.5,0.144412479,0.068100624,17,14.18685121
500,0.5,0.143080938,0.06946817,18,12.65432099
500,0.5,0.143560178,0.069076725,19,17.17451524
500,0.5,0.145658277,0.073798141,20,23.5
500,0.5,0.144430687,0.068592819,21,25.85034014
500,0.5,0.145369174,0.072066856,22,27.89256198
500,0.5,0.144222854,0.069091103,23,33.27032136
500,0.5,0.146662572,0.070235529,24,34.89583333
500,0.5,0.141997458,0.070323836,25,40.16
500,0.5,0.144495,0.073104945,26,43.49112426
500,0.5,0.145453774,0.068869935,27,44.30727023
500,0.5,0.145225372,0.072176037,28,49.10714286
500,1,0.292737778,0.137104375,3,0
500,1,0.291019556,0.137049797,4,0
500,1,0.290980254,0.139362923,5,0
500,1,0.288078497,0.135168803,6,0
500,1,0.291907361,0.138375001,7,0
500,1,0.293131109,0.140064913,8,0
500,1,0.292446681,0.137710737,9,0
500,1,0.286956399,0.140991255,10,1
500,1,0.289427166,0.128433559,11,0.826446281
500,1,0.28914614,0.135006735,12,3.472222222
500,1,0.287624356,0.141121641,13,2.366863905
500,1,0.297833741,0.1391137,14,7.653061224
500,1,0.283416363,0.136576525,15,7.111111111
500,1,0.289223709,0.130824572,16,9.375
500,1,0.289166035,0.136434994,17,11.41868512
500,1,0.290057759,0.147441868,18,19.75308642
500,1,0.291504349,0.141335401,19,21.6066482
500,1,0.284747932,0.143420285,20,23.5
500,1,0.292776448,0.135361204,21,25.85034014
500,1,0.289800349,0.148909761,22,29.75206612
500,1,0.288376889,0.140516108,23,32.70321361
500,1,0.290146524,0.134002882,24,35.59027778
500,1,0.291244742,0.141818535,25,38.72
500,1,0.287375088,0.142165471,26,40.68047337
500,1,0.289177378,0.131741593,27,46.3648834
500,1,0.284337611,0.133415542,28,47.57653061
500,1.5,0.429314862,0.207428315,3,0
500,1.5,0.43045431,0.212477503,4,0
500,1.5,0.434041867,0.208741582,5,0
500,1.5,0.428414273,0.210318772,6,0
500,1.5,0.432431516,0.211175547,7,0
500,1.5,0.422313908,0.211484039,8,0
500,1.5,0.429133347,0.21141164,9,0
500,1.5,0.434982221,0.202753337,10,0
500,1.5,0.439582147,0.195969408,11,0.826446281
500,1.5,0.433364437,0.214622783,12,2.083333333
500,1.5,0.441190864,0.200188124,13,4.733727811
500,1.5,0.423359847,0.209197692,14,4.081632653
500,1.5,0.432091215,0.207993067,15,8
500,1.5,0.431762766,0.215297644,16,7.8125
500,1.5,0.443018421,0.205328145,17,12.4567474
500,1.5,0.431937225,0.193712903,18,14.81481481
500,1.5,0.437182372,0.207782462,19,20.49861496
500,1.5,0.428910506,0.20375422,20,23
500,1.5,0.42276674,0.20853384,21,26.75736961
500,1.5,0.438795216,0.203325175,22,29.1322314
500,1.5,0.425148035,0.221788099,23,33.64839319
500,1.5,0.434285557,0.203760581,24,34.89583333
500,1.5,0.427908239,0.208472885,25,40.16
500,1.5,0.429659651,0.218782512,26,42.15976331
500,1.5,0.435517523,0.215239559,27,46.77640604
500,1.5,0.434156112,0.209315124,28,47.83163265
500,2,0.576664436,0.297817114,3,0
500,2,0.585096798,0.278752844,4,0
500,2,0.577562896,0.281729327,5,0
500,2,0.5793378,0.271591044,6,0
500,2,0.567711991,0.273631423,7,0
500,2,0.571122604,0.277697232,8,0
500,2,0.583245463,0.29009634,9,0
500,2,0.56930681,0.276981307,10,1
500,2,0.583285219,0.292095539,11,2.479338843
500,2,0.582560762,0.280946238,12,4.166666667
500,2,0.56647487,0.278167962,13,4.142011834
500,2,0.57398256,0.266794252,14,3.571428571
500,2,0.571850488,0.286658979,15,4.888888889
500,2,0.573821828,0.29056171,16,12.109375
500,2,0.578263641,0.279060961,17,15.22491349
500,2,0.584870529,0.287374205,18,16.04938272
500,2,0.57499118,0.264730859,19,20.22160665
500,2,0.576190193,0.268180267,20,23.5
500,2,0.582317299,0.271775278,21,26.30385488
500,2,0.573332534,0.279060297,22,32.43801653
500,2,0.56445938,0.286584016,23,35.16068053
500,2,0.585772424,0.273759888,24,36.28472222
500,2,0.580157002,0.28838511,25,39.52
500,2,0.569670843,0.273510402,26,40.97633136
500,2,0.574684207,0.267823774,27,43.8957476
500,2,0.580051022,0.282007313,28,48.08673469
500,3,0.870078327,0.415565816,3,0
500,3,0.859095693,0.42941242,4,0
500,3,0.871155211,0.437618783,5,0
500,3,0.869414392,0.43299472,6,0
500,3,0.854265001,0.427039192,7,0
500,3,0.8744524,0.424972688,8,0
500,3,0.874733779,0.427625484,9,0
500,3,0.868458744,0.411358951,10,0
500,3,0.851672672,0.423652107,11,0.826446281
500,3,0.848695412,0.423107599,12,1.388888889
500,3,0.86732081,0.406279636,13,0.591715976
500,3,0.856729678,0.408144033,14,3.571428571
500,3,0.883766938,0.387125676,15,9.333333333
500,3,0.866255392,0.413304055,16,7.8125
500,3,0.862021792,0.401626233,17,12.11072664
500,3,0.865591089,0.404704263,18,14.81481481
500,3,0.859308539,0.416535939,19,19.94459834
500,3,0.868787375,0.401425877,20,22.75
500,3,0.876096798,0.416390134,21,24.94331066
500,3,0.857923891,0.416531571,22,28.30578512
500,3,0.858806808,0.427514693,23,30.43478261
500,3,0.86254736,0.409285964,24,38.88888889
500,3,0.860041074,0.448814783,25,39.68
500,3,0.870090341,0.434789891,26,42.30769231
500,3,0.873195639,0.411141983,27,45.1303155
500,3,0.873037081,0.402889391,28,46.93877551
500,4,1.143331448,0.546703247,3,0
500,4,1.147597072,0.575184971,4,0
500,4,1.144385784,0.558795801,5,0
500,4,1.162904035,0.548020215,6,0
500,4,1.127966696,0.539286045,7,0
500,4,1.156710091,0.576097874,8,0
500,4,1.145067236,0.561393785,9,0
500,4,1.147177187,0.580911143,10,0
500,4,1.140004388,0.567296238,11,0
500,4,1.166178443,0.568728779,12,1.388888889
500,4,1.126827142,0.548561172,13,1.183431953
500,4,1.159572529,0.549335769,14,4.081632653
500,4,1.163726023,0.552164032,15,5.777777778
500,4,1.150763999,0.518609949,16,13.28125
500,4,1.137645009,0.541823123,17,13.49480969
500,4,1.157228405,0.56330167,18,16.97530864
500,4,1.171263547,0.544347663,19,19.39058172
500,4,1.15742012,0.541322265,20,23.5
500,4,1.136120206,0.573091947,21,26.75736961
500,4,1.14967362,0.546978775,22,32.85123967
500,4,1.141638223,0.534854577,23,30.62381853
500,4,1.160951208,0.527568157,24,36.45833333
500,4,1.150526014,0.552597593,25,39.2
500,4,1.159974621,0.570313014,26,41.12426036
500,4,1.135609707,0.55719322,27,45.81618656
500,4,1.167285845,0.542112734,28,47.83163265
1000,0.25,0.071301826,0.035130127,3,0
1000,0.25,0.072770539,0.035301606,4,0
1000,0.25,0.071960119,0.034762282,5,0
1000,0.25,0.072033403,0.03378273,6,0
1000,0.25,0.071406437,0.036091829,7,0
1000,0.25,0.07323995,0.033167394,8,0
1000,0.25,0.072451711,0.034245006,9,0
1000,0.25,0.071974855,0.034552296,10,0
1000,0.25,0.071487745,0.034061019,11,0
1000,0.25,0.071671661,0.035209284,12,0
1000,0.25,0.072722139,0.034575555,13,0
1000,0.25,0.072158043,0.033824228,14,0
1000,0.25,0.072490288,0.034212287,15,0
1000,0.25,0.072286255,0.034897857,16,1.5625
1000,0.25,0.072076178,0.03500348,17,1.730103806
1000,0.25,0.071581651,0.034779111,18,2.777777778
1000,0.25,0.072854086,0.03489018,19,3.878116343
1000,0.25,0.071560671,0.035415933,20,6.5
1000,0.25,0.071993163,0.034651307,21,5.442176871
1000,0.25,0.071669518,0.034804053,22,10.53719008
1000,0.25,0.071820616,0.032992685,23,13.42155009
1000,0.25,0.072199028,0.033690326,24,13.71527778
1000,0.25,0.072257408,0.034065387,25,16.96
1000,0.25,0.07141174,0.035242365,26,18.78698225
1000,0.25,0.073000159,0.034020592,27,20.7133059
1000,0.25,0.071096036,0.034782788,28,24.74489796
1000,0.5,0.14228516,0.07085172,3,0
1000,0.5,0.143887697,0.06954553,4,0
1000,0.5,0.144555178,0.070023945,5,0
1000,0.5,0.143435235,0.073226785,6,0
1000,0.5,0.144648411,0.067896832,7,0
1000,0.5,0.145574748,0.070547529,8,0
1000,0.5,0.143965061,0.068035169,9,0
1000,0.5,0.143661462,0.068238957,10,0
1000,0.5,0.143560245,0.067623856,11,0
1000,0.5,0.142013629,0.067152514,12,0
1000,0.5,0.145446479,0.069157915,13,0.591715976
1000,0.5,0.144926804,0.068427401,14,0
1000,0.5,0.144156312,0.071853438,15,0.888888889
1000,0.5,0.143741541,0.067776587,16,0
1000,0.5,0.145029644,0.067754596,17,1.730103806
1000,0.5,0.143611123,0.070118327,18,4.320987654
1000,0.5,0.145277572,0.068241546,19,4.986149584
1000,0.5,0.143164287,0.070103251,20,3.5
1000,0.5,0.1454187,0.0682852,21,6.12244898
1000,0.5,0.142912235,0.068204812,22,7.851239669
1000,0.5,0.145015887,0.069287968,23,14.74480151
1000,0.5,0.143242216,0.070250472,24,16.49305556
1000,0.5,0.144775984,0.065381033,25,17.92
1000,0.5,0.144195109,0.068806046,26,20.85798817
1000,0.5,0.145237091,0.071204723,27,20.85048011
1000,0.5,0.144437998,0.068032528,28,23.34183673
1000,1,0.288592798,0.135742234,3,0
1000,1,0.286874732,0.133926693,4,0
1000,1,0.287188123,0.135655756,5,0
1000,1,0.290896106,0.137332391,6,0
1000,1,0.290863907,0.141261332,7,0
1000,1,0.287205537,0.142049299,8,0
1000,1,0.289447749,0.132784268,9,0
1000,1,0.284481486,0.135995144,10,0
1000,1,0.287535971,0.142652923,11,0
1000,1,0.285953329,0.137754715,12,0
1000,1,0.289809481,0.145303667,13,0
1000,1,0.28908978,0.136988268,14,1.020408163
1000,1,0.289752715,0.143089056,15,0.444444444
1000,1,0.288250358,0.14077863,16,1.5625
1000,1,0.288701893,0.14503359,17,2.422145329
1000,1,0.288691434,0.140242068,18,3.703703704
1000,1,0.290631272,0.139060776,19,3.878116343
1000,1,0.290048296,0.137517064,20,4.75
1000,1,0.285192724,0.135134215,21,9.750566893
1000,1,0.284044907,0.135733433,22,9.090909091
1000,1,0.288924067,0.141890354,23,13.98865784
1000,1,0.289623952,0.136768774,24,14.23611111
1000,1,0.293208526,0.138239532,25,17.12
1000,1,0.286376686,0.134957353,26,17.15976331
1000,1,0.292195556,0.138754182,27,22.63374486
1000,1,0.289055672,0.141033282,28,24.74489796
1000,1.5,0.434490106,0.210141819,3,0
1000,1.5,0.431828922,0.20609882,4,0
1000,1.5,0.4317389,0.197399181,5,0
1000,1.5,0.432988414,0.21025702,6,0
1000,1.5,0.432991972,0.194823982,7,0
1000,1.5,0.43771372,0.216783428,8,0
1000,1.5,0.433312804,0.210944331,9,0
1000,1.5,0.432972655,0.207583316,10,0
1000,1.5,0.424215247,0.200063574,11,0
1000,1.5,0.435654816,0.204061981,12,0
1000,1.5,0.436002583,0.207021691,13,0
1000,1.5,0.436392442,0.208748023,14,0.510204082
1000,1.5,0.431101325,0.211493265,15,0
1000,1.5,0.431854579,0.207308704,16,1.953125
1000,1.5,0.433876366,0.203122517,17,1.730103806
1000,1.5,0.434207052,0.203857252,18,3.086419753
1000,1.5,0.434224104,0.205545559,19,5.263157895
1000,1.5,0.43500717,0.211831287,20,7
1000,1.5,0.430833431,0.213274921,21,9.297052154
1000,1.5,0.429891118,0.20552779,22,12.39669421
1000,1.5,0.430780283,0.213370039,23,10.58601134
1000,1.5,0.431160976,0.201929963,24,14.40972222
1000,1.5,0.436369284,0.199391902,25,18.88
1000,1.5,0.437224376,0.203118531,26,19.23076923
1000,1.5,0.428750955,0.205307779,27,20.02743484
1000,1.5,0.432216484,0.216768309,28,23.97959184
1000,2,0.573303806,0.278915481,3,0
1000,2,0.578765701,0.275037478,4,0
1000,2,0.573746898,0.288275103,5,0
1000,2,0.571220814,0.285415682,6,0
1000,2,0.576015008,0.27310779,7,0
1000,2,0.57985205,0.278088362,8,0
1000,2,0.584166683,0.28622097,9,0
1000,2,0.574934134,0.268094126,10,0
1000,2,0.576824283,0.275788898,11,0
1000,2,0.573601539,0.278017922,12,0
1000,2,0.576405269,0.284334467,13,0.591715976
1000,2,0.579455052,0.274784642,14,0
1000,2,0.573841945,0.276583562,15,0
1000,2,0.573193342,0.280908463,16,0.390625
1000,2,0.582726217,0.276449692,17,0.692041522
1000,2,0.570825822,0.289121593,18,4.320987654
1000,2,0.568915708,0.274696736,19,4.986149584
1000,2,0.574165339,0.277134322,20,5.25
1000,2,0.573356945,0.277138862,21,7.482993197
1000,2,0.570936497,0.263223458,22,9.090909091
1000,2,0.585738972,0.292203537,23,11.90926276
1000,2,0.580301768,0.28019742,24,15.10416667
1000,2,0.579233731,0.276042698,25,14.72
1000,2,0.583443637,0.282394325,26,17.89940828
1000,2,0.574251094,0.281074132,27,22.35939643
1000,2,0.571689022,0.286141668,28,23.7244898
1000,3,0.867729161,0.412356317,3,0
1000,3,0.869511756,0.421773527,4,0
1000,3,0.862260354,0.413390227,5,0
1000,3,0.867940137,0.418184637,6,0
1000,3,0.864342648,0.411109264,7,0
1000,3,0.861034958,0.413708206,8,0
1000,3,0.861207151,0.423746395,9,0
1000,3,0.874114739,0.417696435,10,0
1000,3,0.859528899,0.425203962,11,0
1000,3,0.865697563,0.425622369,12,0
1000,3,0.867134386,0.406159772,13,0
1000,3,0.873606648,0.418377103,14,0
1000,3,0.861233227,0.425119912,15,1.333333333
1000,3,0.866044991,0.417289197,16,1.171875
1000,3,0.865707772,0.420582108,17,2.422145329
1000,3,0.867496976,0.404764761,18,3.086419753
1000,3,0.870219055,0.418989909,19,4.986149584
1000,3,0.870890784,0.433776461,20,5.75
1000,3,0.855703697,0.416005466,21,8.843537415
1000,3,0.852920238,0.421419468,22,10.33057851
1000,3,0.871121302,0.405861459,23,12.66540643
1000,3,0.867973409,0.404606459,24,15.625
1000,3,0.871625329,0.395725395,25,16
1000,3,0.872195946,0.419361556,26,18.49112426
1000,3,0.869580053,0.410844147,27,21.12482853
1000,3,0.876404895,0.418054124,28,24.23469388
1000,4,1.154111451,0.561960463,3,0
1000,4,1.161943255,0.538672673,4,0
1000,4,1.137562051,0.537559779,5,0
1000,4,1.153777526,0.547213233,6,0
1000,4,1.169661174,0.558800728,7,0
1000,4,1.161255563,0.566033051,8,0
1000,4,1.138071736,0.57464268,9,0
1000,4,1.160683427,0.556157419,10,0
1000,4,1.153197765,0.555109015,11,0
1000,4,1.158522925,0.559770611,12,0
1000,4,1.165595261,0.568116217,13,0.591715976
1000,4,1.161136329,0.557950013,14,1.020408163
1000,4,1.166017166,0.557307318,15,0.888888889
1000,4,1.161044557,0.561045554,16,0.78125
1000,4,1.157230214,0.543654,17,1.384083045
1000,4,1.163460441,0.552904035,18,3.086419753
1000,4,1.143809444,0.544676257,19,4.155124654
1000,4,1.148746639,0.539579343,20,4.5
1000,4,1.156223984,0.548471526,21,6.575963719
1000,4,1.156263135,0.555776638,22,9.090909091
1000,4,1.153491845,0.561836059,23,10.01890359
1000,4,1.159181623,0.54984748,24,13.19444444
1000,4,1.15036741,0.542917979,25,16.8
1000,4,1.159648716,0.544220239,26,15.68047337
1000,4,1.157707622,0.550858412,27,21.39917695
1000,4,1.144342678,0.54968986,28,21.68367347
2000,0.25,0.072344816,0.033752858,3,0
2000,0.25,0.071676907,0.034887727,4,0
2000,0.25,0.071383967,0.035076523,5,0
2000,0.25,0.072598242,0.03444054,6,0
2000,0.25,0.071914184,0.035037326,7,0
2000,0.25,0.072421535,0.03493884,8,0
2000,0.25,0.072609342,0.035638721,9,0
2000,0.25,0.072666964,0.034832517,10,0
2000,0.25,0.071823567,0.034191844,11,0
2000,0.25,0.071970017,0.035327361,12,0
2000,0.25,0.072057908,0.033385697,13,0
2000,0.25,0.072899552,0.035036674,14,0
2000,0.25,0.072437286,0.033919328,15,0
2000,0.25,0.071896367,0.034204688,16,0
2000,0.25,0.072000268,0.035416176,17,0
2000,0.25,0.072395346,0.035349224,18,0.617283951
2000,0.25,0.072156539,0.035458473,19,0.27700831
2000,0.25,0.072436363,0.035573824,20,1.25
2000,0.25,0.072177587,0.033694617,21,0.680272109
2000,0.25,0.07202558,0.035048083,22,1.652892562
2000,0.25,0.072019065,0.034682081,23,2.835538752
2000,0.25,0.072599174,0.03533581,24,4.166666667
2000,0.25,0.072598639,0.035249019,25,2.56
2000,0.25,0.071727031,0.03458993,26,3.402366864
2000,0.25,0.071918123,0.035677427,27,6.58436214
2000,0.25,0.071795498,0.034719513,28,5.739795918
2000,0.5,0.145332917,0.072012129,3,0
2000,0.5,0.145417224,0.067708955,4,0
2000,0.5,0.145966502,0.068504527,5,0
2000,0.5,0.143362048,0.06941344,6,0
2000,0.5,0.145778286,0.06973208,7,0
2000,0.5,0.143025701,0.069928835,8,0
2000,0.5,0.146484607,0.070612584,9,0
2000,0.5,0.143875941,0.068906597,10,0
2000,0.5,0.14465104,0.072370105,11,0
2000,0.5,0.142146126,0.070491411,12,0
2000,0.5,0.144628208,0.070841773,13,0
2000,0.5,0.144305178,0.068795466,14,0
2000,0.5,0.143903671,0.068997959,15,0.888888889
2000,0.5,0.144220987,0.070913897,16,0
2000,0.5,0.143146053,0.069795654,17,0
2000,0.5,0.145586677,0.069853121,18,0
2000,0.5,0.14430956,0.069014138,19,0
2000,0.5,0.145193668,0.0694465,20,0.25
2000,0.5,0.146276298,0.069012788,21,1.587301587
2000,0.5,0.144544378,0.068610233,22,1.239669421
2000,0.5,0.144927958,0.069741668,23,2.268431002
2000,0.5,0.143229516,0.068227724,24,3.125
2000,0.5,0.145752618,0.06690984,25,3.84
2000,0.5,0.144421622,0.070276006,26,4.289940828
2000,0.5,0.143730702,0.070724048,27,6.995884774
2000,0.5,0.144442883,0.069170881,28,8.673469388
2000,1,0.289354944,0.137834051,3,0
2000,1,0.287306696,0.140694871,4,0
2000,1,0.286976699,0.137383232,5,0
2000,1,0.288096557,0.134667,6,0
2000,1,0.289126885,0.14166222,7,0
2000,1,0.287204316,0.138416228,8,0
2000,1,0.287843963,0.141804828,9,0
2000,1,0.2862818,0.138187312,10,0
2000,1,0.288893627,0.13915948,11,0
2000,1,0.288905187,0.139125632,12,0
2000,1,0.285669419,0.137861541,13,0
2000,1,0.288987839,0.140526859,14,0
2000,1,0.288005863,0.137454965,15,0
2000,1,0.287500028,0.138804588,16,0.390625
2000,1,0.288632786,0.140143256,17,0.346020761
2000,1,0.287493782,0.141176489,18,0.308641975
2000,1,0.287883899,0.140677134,19,0.55401662
2000,1,0.289142018,0.141807317,20,1.25
2000,1,0.28670045,0.140131324,21,1.587301587
2000,1,0.288041446,0.136900376,22,2.479338843
2000,1,0.291012319,0.136366674,23,1.134215501
2000,1,0.286472157,0.140386408,24,4.513888889
2000,1,0.286896376,0.136361441,25,2.56
2000,1,0.288504377,0.140029147,26,5.177514793
2000,1,0.288192183,0.140283894,27,6.447187929
2000,1,0.288663598,0.137595169,28,8.163265306
2000,1.5,0.43624448,0.20402394,3,0
2000,1.5,0.433987379,0.210046168,4,0
2000,1.5,0.430819175,0.213693529,5,0
2000,1.5,0.436489298,0.214425485,6,0
2000,1.5,0.433957042,0.209595521,7,0
2000,1.5,0.430213045,0.21240475,8,0
2000,1.5,0.432644438,0.211087691,9,0
2000,1.5,0.432364414,0.201950626,10,0
2000,1.5,0.432315558,0.206397053,11,0
2000,1.5,0.436291702,0.206127232,12,0
2000,1.5,0.429439777,0.206306721,13,0
2000,1.5,0.435040202,0.20895925,14,0
2000,1.5,0.431914406,0.204643169,15,0
2000,1.5,0.433947934,0.207972101,16,0
2000,1.5,0.428002611,0.211256465,17,0
2000,1.5,0.433933271,0.212114759,18,0.308641975
2000,1.5,0.427196609,0.213041368,19,0.27700831
2000,1.5,0.427649034,0.203353275,20,0.5
2000,1.5,0.429722289,0.203171985,21,1.133786848
2000,1.5,0.432321121,0.20739984,22,1.446280992
2000,1.5,0.431979426,0.210816144,23,1.512287335
2000,1.5,0.431152513,0.207228816,24,1.736111111
2000,1.5,0.435395574,0.207848328,25,2.72
2000,1.5,0.433815359,0.206279452,26,3.25443787
2000,1.5,0.433274585,0.211833977,27,6.721536351
2000,1.5,0.430494201,0.209461459,28,7.653061224
2000,2,0.57875869,0.273488961,3,0
2000,2,0.578804421,0.27792854,4,0
2000,2,0.571011712,0.271422317,5,0
2000,2,0.577248377,0.26478267,6,0
2000,2,0.578603395,0.272678242,7,0
2000,2,0.583265997,0.277271613,8,0
2000,2,0.578423875,0.282797924,9,0
2000,2,0.573682358,0.283696161,10,0
2000,2,0.575248391,0.279148533,11,0
2000,2,0.57820384,0.278696519,12,0
2000,2,0.57922669,0.282445331,13,0
2000,2,0.581374283,0.274458762,14,0
2000,2,0.5888466,0.275749155,15,0
2000,2,0.573082427,0.276612567,16,0.390625
2000,2,0.575485611,0.279899522,17,0
2000,2,0.572919325,0.276091212,18,0
2000,2,0.57539173,0.277330636,19,0
2000,2,0.570364185,0.281326519,20,0.75
2000,2,0.575613023,0.271484105,21,1.587301587
2000,2,0.571773584,0.270932624,22,1.859504132
2000,2,0.581986557,0.284037261,23,1.323251418
2000,2,0.572691952,0.274346914,24,3.298611111
2000,2,0.579803306,0.282295875,25,4.8
2000,2,0.578744098,0.282061103,26,4.289940828
2000,2,0.579670386,0.278647559,27,5.212620027
2000,2,0.573682858,0.274647118,28,6.12244898
2000,3,0.867544511,0.412734908,3,0
2000,3,0.860205708,0.421406931,4,0
2000,3,0.870041777,0.419033789,5,0
2000,3,0.853218646,0.414012,6,0
2000,3,0.871882994,0.419670099,7,0
2000,3,0.870156023,0.402721332,8,0
2000,3,0.862966249,0.413969181,9,0
2000,3,0.861601667,0.419593604,10,0
2000,3,0.86533428,0.429212316,11,0
2000,3,0.860880776,0.4105532,12,0
2000,3,0.871915674,0.401836919,13,0
2000,3,0.86200401,0.408990259,14,0
2000,3,0.866056688,0.417332399,15,0
2000,3,0.860632726,0.411883615,16,0
2000,3,0.874662085,0.423919947,17,0
2000,3,0.865894239,0.412479405,18,0.617283951
2000,3,0.864709395,0.417474719,19,0.27700831
2000,3,0.86362045,0.414821446,20,1
2000,3,0.860429675,0.414579636,21,1.587301587
2000,3,0.874202565,0.420414214,22,1.239669421
2000,3,0.860984012,0.421787996,23,1.890359168
2000,3,0.86182274,0.406927082,24,2.951388889
2000,3,0.858078023,0.414863115,25,4
2000,3,0.859030028,0.414110281,26,4.142011834
2000,3,0.862273873,0.408354274,27,6.858710562
2000,3,0.871476284,0.406123245,28,6.25
2000,4,1.144795799,0.558551286,3,0
2000,4,1.146787109,0.562285455,4,0
2000,4,1.154526573,0.545932038,5,0
2000,4,1.145464003,0.542535587,6,0
2000,4,1.164243215,0.563436595,7,0
2000,4,1.14792331,0.561145853,8,0
2000,4,1.144046127,0.549244858,9,0
2000,4,1.165662638,0.550131511,10,0
2000,4,1.154808964,0.564572183,11,0
2000,4,1.165018642,0.555241611,12,0
2000,4,1.151028412,0.550484475,13,0
2000,4,1.147270249,0.551314718,14,0
2000,4,1.153394646,0.560575703,15,0
2000,4,1.157473708,0.548282331,16,0
2000,4,1.156734802,0.544990273,17,0.346020761
2000,4,1.141038402,0.548890019,18,0.308641975
2000,4,1.150209707,0.55984688,19,1.108033241
2000,4,1.151151359,0.552936717,20,0.5
2000,4,1.144702004,0.552330344,21,2.494331066
2000,4,1.155377159,0.552071413,22,2.272727273
2000,4,1.152679445,0.562849332,23,1.512287335
2000,4,1.165547854,0.56392649,24,2.777777778
2000,4,1.154823616,0.548707766,25,3.36
2000,4,1.171112028,0.547087272,26,4.437869822
2000,4,1.158540536,0.557595697,27,5.898491084
2000,4,1.154763642,0.549538589,28,7.270408163
